product_key,product_name,product_description,category,subcategory,brand,supplier,unit_price,cost_price,size,color,weight,weight_unit,is_active,discontinued_date
PROD-000001,From Smartphones Close,Meet suggest medical think land nation protect blood own design music head always analysis.,Electronics,Smartphones,StyleMax,Lam Ltd,437.15,330.25,L,,7.67,lbs,True,
PROD-000002,Land Smartphones Development,Garden room interest whatever use those exist hard including.,Electronics,Smartphones,TechPro,Martin-Barrett,359.74,242.45,M,Navy,13.27,lbs,True,
PROD-000003,Maintain Smartphones Ready,Drop ever inside describe contain expert her.,Electronics,Smartphones,HomeComfort,"Mccormick, Hodges and Gutierrez",288.39,142.29,L,White,10.28,lbs,True,
PROD-000004,Treat Smartphones Newspaper,Voice side free security same four letter manager finish write attention.,Electronics,Smartphones,ValueBrand,"Richardson, Cobb and Cameron",332.96,148.53,S,Red,15.58,lbs,True,
PROD-000005,Money Smartphones Individual,Push grow stage guess oil force in among up TV truth director despite season check.,Electronics,Smartphones,LuxeLine,"Cameron, Doyle and Black",841.98,486.83,M,Blue,0.88,lbs,True,
PROD-000006,Public Smartphones Challenge,Across civil wife campaign begin enter good truth.,Electronics,Smartphones,EcoChoice,"Richardson, Le and Chavez",270.46,111.77,S,Black,0.35,lbs,True,
PROD-000007,Case Smartphones Drug,However and audience century involve degree continue suffer animal back so choice opportunity central.,Electronics,Smartphones,ValueBrand,Harvey and Sons,127.51,64.11,S,White,15.61,lbs,True,
PROD-000008,High Smartphones Pull,Find without couple check parent hard beautiful writer project.,Electronics,Smartphones,FitGear,Bradley-Hurst,869.72,364.55,L,Green,5.36,lbs,True,
PROD-000009,Onto Smartphones Ever,Leave it position option foreign owner TV.,Electronics,Smartphones,SmartLife,Ryan-Lewis,959.46,408.46,M,Gray,8.58,lbs,True,
PROD-000010,Realize Smartphones Financial,Idea reach agency week just choose field issue hot parent reach develop upon standard.,Electronics,Smartphones,TechPro,"Faulkner, Schultz and Clark",1011.55,427.11,,Blue,13.3,lbs,True,
PROD-000011,Issue Smartphones Mouth,These sea town administration force often free plan close.,Electronics,Smartphones,BasicGoods,Sparks-Bennett,338.02,185.19,M,White,7.52,lbs,True,
PROD-000012,Others Smartphones Social,Decision tree central language sport maintain place fight still.,Electronics,Smartphones,ValueBrand,Weeks-Wilkins,117.11,65.78,M,Navy,13.83,lbs,True,
PROD-000013,Police Smartphones Seek,List area radio level court public drive point themselves.,Electronics,Smartphones,HomeComfort,Butler-Garcia,512.02,216.65,XS,Blue,13.95,lbs,True,
PROD-000014,Head Smartphones Black,Outside season beautiful answer her message collection sport history school mind.,Electronics,Smartphones,LuxeLine,"Sosa, Bender and Jensen",703.6,471.81,XL,,16.07,lbs,True,
PROD-000015,Condition Smartphones Expert,Page world threat senior quite someone practice training growth minute interview.,Electronics,Smartphones,EcoChoice,"Nguyen, Marsh and Hall",173.5,98.82,XL,Black,17.27,lbs,True,
PROD-000016,Firm Smartphones Explain,Sure window direction pretty than name name.,Electronics,Smartphones,ValueBrand,Foster Ltd,868.34,366.37,L,White,17.76,lbs,True,
PROD-000017,Cut Smartphones Executive,Inside attention career strategy truth management management wide easy wide necessary able simply theory.,Electronics,Smartphones,TechPro,Arias Inc,85.59,41.03,XXL,Red,19.56,lbs,True,
PROD-000018,Ball Smartphones Image,Benefit share Congress accept check oil hair democratic up drug.,Electronics,Smartphones,BasicGoods,Walsh-Jennings,338.84,175.77,XS,Navy,13.27,lbs,True,
PROD-000019,Respond Smartphones Audience,Should order concern collection animal each near trip low alone both.,Electronics,Smartphones,LuxeLine,"Bailey, Smith and Charles",378.86,179.42,S,Black,0.33,lbs,True,
PROD-000020,Election Smartphones Billion,Magazine floor tough recently add recognize real prevent police sell bad leg than successful.,Electronics,Smartphones,ValueBrand,Hoover and Sons,480.19,257.73,,Blue,1.59,lbs,True,
PROD-000021,Wrong Laptops Financial,Morning either despite tell travel loss head authority expect manage itself.,Electronics,Laptops,TechPro,Wilson Ltd,315.51,128.04,XL,Red,11.05,lbs,True,
PROD-000022,Article Laptops Water,Laugh card cell whose town such apply perhaps prevent run mind technology nation road executive.,Electronics,Laptops,ValueBrand,"Bradley, Wilson and Monroe",572.31,410.38,,,1.85,lbs,True,
PROD-000023,Computer Laptops Budget,Program actually hear outside report concern recently national catch save go represent.,Electronics,Laptops,TechPro,Martin-Hernandez,408.35,164.87,XS,Navy,8.31,lbs,True,
PROD-000024,Trouble Laptops And,Because born job nor rise close west seat cold.,Electronics,Laptops,BasicGoods,Snyder-Johnson,14.2,10.08,XL,Green,17.81,lbs,True,
PROD-000025,So Laptops Sometimes,Husband measure both item type some score in.,Electronics,Laptops,EcoChoice,Benton Inc,611.04,330.75,M,Black,16.35,lbs,True,
PROD-000026,Country Laptops Front,Four medical themselves senior it doctor administration commercial.,Electronics,Laptops,BasicGoods,"Berry, Miller and Jennings",383.48,172.67,L,Gray,14.35,lbs,True,
PROD-000027,Word Laptops Yes,Decade tax executive purpose guess culture part exactly avoid professor agree follow.,Electronics,Laptops,EcoChoice,Smith-Green,598.36,382.07,M,Green,11.0,lbs,True,
PROD-000028,Front Laptops Common,Fact upon land discussion market economy later man safe next risk you practice hotel process.,Electronics,Laptops,ValueBrand,Morgan PLC,147.57,62.1,S,Navy,2.23,lbs,True,
PROD-000029,Each Laptops Fund,Responsibility account marriage clear cold political word drug rise nature north brother.,Electronics,Laptops,LuxeLine,"Payne, Young and Smith",246.22,101.9,S,,16.51,lbs,True,
PROD-000030,Box Laptops Believe,As cover agree time sure move authority peace always.,Electronics,Laptops,TechPro,White Inc,387.8,175.59,XXL,White,15.47,lbs,True,
PROD-000031,Institution Laptops Forward,At light require event week soon rest leave.,Electronics,Laptops,HomeComfort,"Long, Fernandez and Crosby",814.11,332.64,L,Black,10.65,lbs,False,
PROD-000032,Toward Laptops Less,Itself member if crime price clear western soldier stop language produce agent play myself bag.,Electronics,Laptops,ValueBrand,Daniels Ltd,1080.17,468.3,XL,Blue,13.87,lbs,True,
PROD-000033,Near Laptops Camera,Artist buy you we ever training recognize matter receive let indicate author team can north.,Electronics,Laptops,BasicGoods,"Johnson, Webb and Carroll",583.19,409.47,XL,Gray,10.13,lbs,True,
PROD-000034,Street Laptops Between,Instead former use low way serve always this program new edge world whatever figure.,Electronics,Laptops,FitGear,"Sawyer, Alexander and Sandoval",1175.46,489.96,M,Navy,19.28,lbs,True,
PROD-000035,Future Laptops Training,Rock arrive true player popular consumer environmental nor listen dog.,Electronics,Laptops,LuxeLine,"Shaw, Thompson and Ellis",338.57,231.89,XL,Green,16.88,lbs,True,
PROD-000036,Congress Laptops President,Then couple pick fund line range administration record effort thus partner offer husband interest research son.,Electronics,Laptops,Premium Plus,Cannon-Mitchell,357.81,163.82,XXL,Red,4.1,lbs,True,
PROD-000037,Feeling Laptops Exactly,Quality eat newspaper five serve somebody get report owner.,Electronics,Laptops,HomeComfort,"Quinn, Butler and Gibson",261.23,152.38,XXL,Blue,10.13,lbs,True,
PROD-000038,Compare Laptops Story,List four wonder difficult doctor find able hospital citizen.,Electronics,Laptops,EcoChoice,Jenkins and Sons,241.62,167.97,XL,,11.7,lbs,True,
PROD-000039,Else Laptops Expect,Bring reality card hear ready eight ready gas.,Electronics,Laptops,Premium Plus,Lewis-Jackson,754.97,357.96,M,Navy,16.19,lbs,True,
PROD-000040,Trouble Laptops News,Information thought crime least exist entire guy respond science this wall data that value base.,Electronics,Laptops,TechPro,Mcdonald LLC,33.0,22.38,S,Green,15.03,lbs,True,
PROD-000041,Visit Tablets Parent,Fall nothing long eye she ball never responsibility conference personal feel.,Electronics,Tablets,TechPro,Wagner LLC,240.81,150.44,XXL,Green,4.16,lbs,True,
PROD-000042,Bad Tablets Color,Born without impact sell politics community edge hold concern other may kind education rock follow prepare.,Electronics,Tablets,BasicGoods,"Montgomery, Khan and Brooks",342.36,185.75,,Red,14.87,lbs,True,
PROD-000043,Quite Tablets Over,Growth take article firm budget happy want away more.,Electronics,Tablets,SmartLife,Castillo-Carroll,283.33,126.42,XXL,Black,18.54,lbs,True,
PROD-000044,Whose Tablets Right,Any when spend newspaper employee science young agent me cell.,Electronics,Tablets,EcoChoice,Petty-Strong,1183.06,478.78,XL,Black,0.36,lbs,True,
PROD-000045,Edge Tablets Situation,Movement quite without vote final seat write player TV place actually inside sea home.,Electronics,Tablets,ValueBrand,"Johnson, Lamb and Larson",702.63,314.08,,Red,18.24,lbs,True,
PROD-000046,Job Tablets Eight,Tree parent thing chair teach ask tree our record already full interesting support entire.,Electronics,Tablets,Premium Plus,Bell Inc,722.15,327.34,XXL,Red,15.55,lbs,True,
PROD-000047,Blue Tablets Box,Five catch yard bank analysis travel seven cost work.,Electronics,Tablets,StyleMax,Grant PLC,233.22,154.15,S,Blue,14.73,lbs,True,
PROD-000048,Number Tablets Just,While police both common never thousand enough reduce nature cell already left house herself page.,Electronics,Tablets,SmartLife,"Goodwin, Chavez and Golden",48.9,29.91,S,Blue,11.72,lbs,True,
PROD-000049,Common Tablets Alone,Positive experience everything especially either add little success.,Electronics,Tablets,HomeComfort,Wright PLC,370.04,171.98,XS,Blue,18.58,lbs,True,
PROD-000050,Whose Tablets Land,Responsibility government happy million unit focus out term.,Electronics,Tablets,SmartLife,Bryant-Morris,797.81,389.09,L,Gray,1.55,lbs,True,
PROD-000051,Many Tablets Save,Degree send majority share mean or agreement fire long light star political support.,Electronics,Tablets,Premium Plus,Price Group,654.8,267.44,XS,Blue,8.38,lbs,True,
PROD-000052,Admit Tablets Manager,Result between hard despite evening pull billion above exactly suggest now.,Electronics,Tablets,FitGear,Peterson Group,86.18,55.05,XXL,Gray,6.69,lbs,True,
PROD-000053,Site Tablets Agree,Most should plan people white international address pay deep.,Electronics,Tablets,ValueBrand,Rhodes-Solomon,971.25,475.65,XL,Black,2.38,lbs,True,
PROD-000054,Increase Tablets Adult,Force bank commercial arm matter can close carry financial pretty trip money theory candidate.,Electronics,Tablets,BasicGoods,Reed-Carter,264.58,127.77,S,Black,13.68,lbs,True,
PROD-000055,More Tablets Happy,Plan focus health from song political like law role opportunity also language thus TV unit similar.,Electronics,Tablets,LuxeLine,Ellis-Walker,1116.74,458.81,M,Green,0.59,lbs,True,
PROD-000056,Type Tablets Trade,Nice see risk road seek form color wall voice season stop.,Electronics,Tablets,Premium Plus,Ellis-Watkins,742.98,387.54,L,,0.97,lbs,True,
PROD-000057,Push Tablets Approach,Process south significant system system open play compare.,Electronics,Tablets,StyleMax,Hart-Hodges,199.97,104.33,S,Black,12.58,lbs,True,
PROD-000058,Later Tablets Generation,Decade person many question once very pattern central star.,Electronics,Tablets,LuxeLine,"Holmes, Adams and Kim",495.46,318.46,,White,4.19,lbs,True,
PROD-000059,Artist Tablets Opportunity,Service garden research walk executive increase science like floor student myself.,Electronics,Tablets,LuxeLine,Mann and Sons,964.61,440.53,XXL,White,14.96,lbs,True,
PROD-000060,Republican Tablets Year,That heart easy claim expect audience capital its cold even memory cell huge early enjoy imagine.,Electronics,Tablets,StyleMax,Rose Group,399.08,235.02,XS,Black,3.64,lbs,True,
PROD-000061,Never Accessories Mission,Large miss practice top you throw country despite medical expert.,Electronics,Accessories,SmartLife,"Best, Jones and Miller",101.77,44.52,L,Navy,9.08,lbs,True,
PROD-000062,Usually Accessories Support,Answer early world scene quality article spring factor beautiful practice economic present ten.,Electronics,Accessories,StyleMax,Ortega Ltd,291.69,165.04,XL,Black,12.86,lbs,True,
PROD-000063,Admit Accessories Professor,Truth beautiful likely network answer citizen training all drive indeed right rich including vote situation lawyer.,Electronics,Accessories,StyleMax,Peterson-Finley,761.88,380.42,M,White,5.87,lbs,True,
PROD-000064,Huge Accessories Foreign,Give former those debate tonight mean party south receive dark sign return.,Electronics,Accessories,ValueBrand,Winters and Sons,503.17,307.22,L,Navy,16.46,lbs,False,
PROD-000065,I Accessories Probably,Off he dog any peace seem court economic present these.,Electronics,Accessories,LuxeLine,Diaz Ltd,135.43,86.6,,Green,19.21,lbs,True,
PROD-000066,Available Accessories Foreign,Fire section agreement age heavy admit catch somebody add key response floor yourself second father.,Electronics,Accessories,EcoChoice,"Woods, Moore and Cantu",819.46,341.87,XS,Blue,2.55,lbs,False,
PROD-000067,West Accessories Kitchen,None each writer produce law these through law approach on approach.,Electronics,Accessories,StyleMax,"Murphy, Woods and Jackson",587.96,302.36,M,Red,14.99,lbs,True,
PROD-000068,Computer Accessories Reflect,Citizen scientist simple guess per law shoulder.,Electronics,Accessories,Premium Plus,Brooks and Sons,320.42,178.49,S,Blue,3.76,lbs,True,
PROD-000069,Not Accessories Everything,Worry nice thus option three responsibility west feel owner weight himself rise person attack religious.,Electronics,Accessories,BasicGoods,"Hill, Huff and Long",192.4,133.84,,Black,17.04,lbs,True,
PROD-000070,Finally Accessories Fire,Edge focus draw once air authority have field choose then take money many.,Electronics,Accessories,Premium Plus,Rivera-Snyder,921.59,497.21,XS,Green,13.47,lbs,True,
PROD-000071,Act Accessories Store,Maybe like maintain reach share by range heart.,Electronics,Accessories,EcoChoice,Goodman PLC,213.11,106.73,M,Blue,13.46,lbs,True,
PROD-000072,Respond Accessories Some,Interest century politics gas and campaign me agreement something finally.,Electronics,Accessories,FitGear,Murray Ltd,207.18,149.72,M,,9.07,lbs,True,
PROD-000073,Alone Accessories Them,Drop red interest pull black best professional actually maintain peace soon second history environmental.,Electronics,Accessories,BasicGoods,Morris-Thompson,319.72,159.78,XL,Gray,16.17,lbs,True,
PROD-000074,Hair Accessories Fight,Response represent project cut by no hundred reach maybe.,Electronics,Accessories,FitGear,Chung Ltd,155.23,92.63,XXL,Navy,5.61,lbs,True,
PROD-000075,Area Accessories Land,Minute meet girl sea body foot structure quality ball instead nice old feeling.,Electronics,Accessories,ValueBrand,Knight Group,582.35,342.99,L,,7.24,lbs,True,
PROD-000076,World Accessories Skin,Hold imagine add notice have budget including tell author debate.,Electronics,Accessories,BasicGoods,Perry-Lopez,423.54,280.32,XS,Green,17.19,lbs,True,
PROD-000077,Catch Accessories Every,Use member health parent attack campaign we political involve nothing suffer throughout.,Electronics,Accessories,StyleMax,"Franco, Lyons and Hughes",442.62,273.92,XXL,White,17.85,lbs,True,
PROD-000078,Mention Accessories On,Moment number still physical wrong science be interesting difference girl manager.,Electronics,Accessories,BasicGoods,Green and Sons,726.92,319.5,L,Red,18.14,lbs,True,
PROD-000079,Improve Accessories Own,Congress girl nor bad economy dog wait care example.,Electronics,Accessories,ValueBrand,"Rangel, Miranda and Rodriguez",690.33,276.3,XXL,Blue,7.38,lbs,True,
PROD-000080,In Accessories Democrat,Send bed stay television during you prepare student.,Electronics,Accessories,SmartLife,Contreras-Perez,846.55,388.35,S,,10.07,lbs,True,
PROD-000081,Important Smart Home Above,Small community activity country individual deal say make health per eye short minute.,Electronics,Smart Home,FitGear,Smith LLC,247.17,188.29,,Blue,15.17,lbs,True,
PROD-000082,Until Smart Home Across,Describe season light adult sell final model.,Electronics,Smart Home,BasicGoods,"Wallace, Hancock and Benitez",174.25,88.02,XXL,Blue,14.74,lbs,True,
PROD-000083,Design Smart Home Smile,Camera right skin stuff ball news real character whole strong music rather.,Electronics,Smart Home,ValueBrand,Vincent-Chambers,290.34,185.81,S,White,5.36,lbs,True,
PROD-000084,Service Smart Home Pass,Measure world whom product no customer power professor ask bill pretty clear.,Electronics,Smart Home,EcoChoice,Owens PLC,648.7,337.61,L,,18.37,lbs,True,
PROD-000085,All Smart Home Table,Point interest hotel hot result pattern lose medical practice citizen.,Electronics,Smart Home,StyleMax,Perkins-Ramirez,61.41,29.55,XXL,Green,16.71,lbs,True,
PROD-000086,Action Smart Home Data,With man any community professional everything year strategy make despite.,Electronics,Smart Home,LuxeLine,"Barker, Wade and Rodriguez",417.48,276.73,M,White,10.38,lbs,True,
PROD-000087,Deep Smart Home Clearly,Science call ready well form later better place answer south situation.,Electronics,Smart Home,EcoChoice,Brown Group,872.58,454.55,,Gray,9.79,lbs,True,
PROD-000088,More Smart Home Look,Article smile call teach huge charge support performance somebody page matter civil rich what draw.,Electronics,Smart Home,HomeComfort,"Lam, Blankenship and Meadows",582.19,306.06,L,Blue,4.68,lbs,True,
PROD-000089,Back Smart Home Generation,Everybody level market environmental become hundred be tax key.,Electronics,Smart Home,HomeComfort,Taylor-Barrera,218.49,147.6,M,White,13.26,lbs,True,
PROD-000090,Compare Smart Home Center,Board nothing foreign especially upon project agency tax capital figure task oil fast.,Electronics,Smart Home,ValueBrand,"Phelps, Olsen and Yang",246.72,171.81,L,Red,11.86,lbs,True,
PROD-000091,Front Smart Home Low,Street would tell baby thing truth movie join personal administration say think almost thus.,Electronics,Smart Home,HomeComfort,Terry PLC,336.54,211.34,XL,Blue,2.78,lbs,True,
PROD-000092,Half Smart Home Service,Seat middle center decade recent win six half very option could southern type.,Electronics,Smart Home,HomeComfort,"Deleon, Miller and Walsh",659.13,446.49,M,Blue,10.38,lbs,True,
PROD-000093,Allow Smart Home Just,Black simple provide important relationship manage among very career protect ahead teach difference.,Electronics,Smart Home,SmartLife,"Joseph, Pierce and Dunn",1001.45,484.93,XS,Red,9.04,lbs,True,
PROD-000094,Yet Smart Home Audience,Activity tree pay how live without kitchen want current.,Electronics,Smart Home,LuxeLine,Walker-Schroeder,654.51,434.98,XL,Blue,15.91,lbs,True,
PROD-000095,Most Smart Home Door,Gun low least beyond pick able if tax make expert technology create.,Electronics,Smart Home,SmartLife,Burns-Johnson,207.32,99.12,S,Gray,18.45,lbs,True,
PROD-000096,Ever Smart Home Include,Cut during hotel rise accept watch yes establish international near mouth second drop produce.,Electronics,Smart Home,HomeComfort,Holmes-Shaw,76.7,43.73,XS,Black,4.13,lbs,True,
PROD-000097,None Smart Home Capital,Sure form wonder carry operation compare stuff information.,Electronics,Smart Home,HomeComfort,Nelson-Simpson,463.82,257.14,XL,White,3.63,lbs,True,
PROD-000098,Movie Smart Home Want,Rather nor middle figure support single history.,Electronics,Smart Home,Premium Plus,Franklin-Owens,715.19,303.91,XL,White,1.95,lbs,True,
PROD-000099,Significant Smart Home Add,Agent trouble public whom understand late mind.,Electronics,Smart Home,TechPro,Scott-Alexander,880.05,451.97,,Navy,10.49,lbs,True,
PROD-000100,Son Smart Home Security,Piece rock executive suddenly send discussion off wide never everybody.,Electronics,Smart Home,FitGear,Rodriguez PLC,60.55,31.28,,,15.81,lbs,True,
PROD-000101,Friend Men's Wear Your,Her attack despite body where glass call produce PM pressure report grow attack beautiful total.,Clothing,Men's Wear,BasicGoods,"Williams, Campos and Burke",653.9,298.63,XS,Navy,2.76,lbs,True,
PROD-000102,Trade Men's Wear Small,Official coach officer as consider north perform.,Clothing,Men's Wear,SmartLife,"Hoover, Johnson and Vega",288.86,123.93,XL,Navy,5.23,lbs,False,
PROD-000103,Soon Men's Wear Sport,East my language industry life system already plan story.,Clothing,Men's Wear,Premium Plus,"Mills, Hurley and Kemp",489.9,374.39,XS,Black,7.56,lbs,True,
PROD-000104,Third Men's Wear Avoid,Sit story admit defense partner wind nearly move expert protect.,Clothing,Men's Wear,StyleMax,"Lee, Rice and Dixon",723.59,404.1,S,Navy,13.07,lbs,True,
PROD-000105,Involve Men's Wear Edge,Real nothing daughter perhaps range language across his high.,Clothing,Men's Wear,EcoChoice,"Jackson, Smith and Martinez",775.64,428.94,XL,Green,19.84,lbs,True,
PROD-000106,Worker Men's Wear For,Bag for development station black spend meeting argue just last success manage or would site.,Clothing,Men's Wear,Premium Plus,"Hansen, Lawson and Hines",215.5,109.81,L,Blue,7.47,lbs,True,
PROD-000107,Two Men's Wear Drive,Two most work know sound especially group person.,Clothing,Men's Wear,EcoChoice,Allen Inc,224.09,134.35,,Navy,14.74,lbs,True,
PROD-000108,Determine Men's Wear Key,Her major lot organization poor entire others.,Clothing,Men's Wear,ValueBrand,"Mcfarland, Gray and Peterson",731.84,333.05,,Blue,2.1,lbs,True,
PROD-000109,Up Men's Wear Make,Country if office increase way recently behind seat.,Clothing,Men's Wear,BasicGoods,Perez-Kelly,893.51,395.18,XXL,Black,3.3,lbs,True,
PROD-000110,Cost Men's Wear Hear,Rest win father specific statement mother work follow result pressure way of any.,Clothing,Men's Wear,HomeComfort,Velasquez LLC,17.74,12.59,L,Navy,1.85,lbs,True,
PROD-000111,Body Men's Wear Sound,Standard fire item throw skin myself general floor.,Clothing,Men's Wear,LuxeLine,Mitchell-Fisher,389.33,191.71,L,Green,14.26,lbs,True,
PROD-000112,Although Men's Wear Range,Art including tend wrong across part dark same yeah teacher development its.,Clothing,Men's Wear,ValueBrand,"Brown, Malone and Flores",1081.38,473.4,L,Black,4.11,lbs,True,
PROD-000113,Later Men's Wear Approach,Two federal seat general dark drop deal music character feel.,Clothing,Men's Wear,TechPro,Taylor-Hammond,663.72,403.92,,Red,12.34,lbs,True,
PROD-000114,Live Men's Wear Argue,Baby tell them reveal table voice point I movement account policy sound.,Clothing,Men's Wear,HomeComfort,Cowan-Stevenson,388.56,186.27,XS,Green,15.62,lbs,True,
PROD-000115,Whatever Men's Wear Check,Become body moment public significant resource read training help very when economy individual south.,Clothing,Men's Wear,Premium Plus,Chen Inc,407.91,203.62,XS,White,18.39,lbs,True,
PROD-000116,Determine Men's Wear Return,General year light serious sell reason including benefit yard country but particular condition occur exactly.,Clothing,Men's Wear,BasicGoods,"Mccarty, Fitzpatrick and Miles",720.99,365.81,M,Gray,19.27,lbs,True,
PROD-000117,Chair Men's Wear Mrs,Term share talk control drive often test.,Clothing,Men's Wear,LuxeLine,Pruitt LLC,470.95,307.12,XL,Black,5.3,lbs,True,
PROD-000118,Face Men's Wear Growth,Everything successful party five today thousand trouble beat she anything discussion I.,Clothing,Men's Wear,SmartLife,Harris and Sons,86.22,62.17,M,White,16.08,lbs,True,
PROD-000119,Mouth Men's Wear City,Little for few partner final land spend national herself kitchen interview soldier once.,Clothing,Men's Wear,BasicGoods,Pena-Davis,999.75,439.3,M,,19.32,lbs,True,
PROD-000120,Choose Men's Wear State,Arrive individual sure imagine movie history whether decision just anything quite station.,Clothing,Men's Wear,ValueBrand,"Thompson, Smith and Jackson",855.49,387.28,XXL,,17.94,lbs,True,
PROD-000121,High Women's Wear Off,Computer our prepare face level themselves degree decide however each system family among.,Clothing,Women's Wear,LuxeLine,Moore-Long,396.18,246.17,XXL,Red,13.57,lbs,True,
PROD-000122,Wait Women's Wear Civil,Show dog debate three find any stay exist though matter number place item your effect.,Clothing,Women's Wear,Premium Plus,"Zimmerman, Garrison and Frazier",402.97,164.71,XL,Black,14.05,lbs,True,
PROD-000123,Drop Women's Wear Yes,Article week better include shoulder it world wife.,Clothing,Women's Wear,EcoChoice,"Hill, Hood and Torres",268.18,150.77,XS,Blue,9.58,lbs,True,
PROD-000124,Fill Women's Wear Social,Mouth former past unit week charge time.,Clothing,Women's Wear,FitGear,Jones-Monroe,727.4,448.21,L,Red,4.77,lbs,True,
PROD-000125,Protect Women's Wear Ability,Fine interview already room similar section science so consumer hope accept industry adult billion energy.,Clothing,Women's Wear,FitGear,"Rogers, Dixon and Walters",220.59,140.05,,Gray,3.2,lbs,True,
PROD-000126,Born Women's Wear When,Through care fine authority agency home man name floor like upon summer.,Clothing,Women's Wear,ValueBrand,Blankenship Group,972.93,460.89,XL,Black,15.31,lbs,True,
PROD-000127,Happy Women's Wear Arrive,Treat event to similar occur get sea suggest add.,Clothing,Women's Wear,BasicGoods,Mcbride Ltd,57.7,30.71,M,,17.97,lbs,True,
PROD-000128,Wish Women's Wear Administration,Series pattern hear college product agent get us air international know education fund us.,Clothing,Women's Wear,HomeComfort,"Gonzalez, Martinez and Gallagher",475.07,291.51,,Green,8.02,lbs,True,
PROD-000129,Environmental Women's Wear Lose,Set ground save at none son need coach send often church star conference when too.,Clothing,Women's Wear,LuxeLine,Kelly Ltd,140.65,72.84,L,Black,10.1,lbs,True,
PROD-000130,Course Women's Wear Anyone,Only yourself government book key hotel about will citizen parent coach who surface service local.,Clothing,Women's Wear,StyleMax,Hatfield and Sons,522.85,346.31,XXL,,6.38,lbs,False,
PROD-000131,Family Women's Wear So,As thought far approach stand read collection animal sense main outside sport small dream discover whether.,Clothing,Women's Wear,StyleMax,Williams-Gaines,597.35,340.31,M,Gray,12.29,lbs,True,
PROD-000132,Respond Women's Wear Those,Loss hotel either other option child rule serious say affect.,Clothing,Women's Wear,ValueBrand,Galloway PLC,441.78,278.8,XL,Gray,7.38,lbs,True,
PROD-000133,Item Women's Wear Push,Start explain in early campaign power middle speech four arm stop.,Clothing,Women's Wear,EcoChoice,"Dixon, Simpson and Rodriguez",242.26,113.16,M,Navy,5.66,lbs,True,
PROD-000134,Pattern Women's Wear Ahead,Brother by deep major bit pass low eye like real nothing reality.,Clothing,Women's Wear,FitGear,Martinez-Ayers,147.86,74.26,,White,14.44,lbs,True,
PROD-000135,Too Women's Wear Send,Ahead report ground month threat reach trip.,Clothing,Women's Wear,FitGear,"Foster, Craig and Tucker",656.65,282.12,S,Blue,9.51,lbs,False,
PROD-000136,Detail Women's Wear Measure,Sit out if watch kind despite her around factor think like.,Clothing,Women's Wear,Premium Plus,Hernandez PLC,316.46,216.55,XL,Gray,15.73,lbs,True,
PROD-000137,Born Women's Wear Of,Cover might decision police green tax so.,Clothing,Women's Wear,LuxeLine,"Raymond, Garrett and Smith",565.59,285.45,XS,Blue,1.29,lbs,True,
PROD-000138,Direction Women's Wear Partner,Similar bring adult how similar forget window health ready issue.,Clothing,Women's Wear,ValueBrand,"Roberts, Hansen and Williams",500.6,243.5,XXL,Gray,5.27,lbs,True,
PROD-000139,Reflect Women's Wear Sit,Interview hundred model least change strong network eat.,Clothing,Women's Wear,EcoChoice,Freeman LLC,643.37,283.17,XS,Navy,2.51,lbs,True,
PROD-000140,Close Women's Wear Poor,Discover party activity what several group outside career recently support among president word could outside.,Clothing,Women's Wear,BasicGoods,"Copeland, Hobbs and Roberts",741.57,481.93,XXL,Blue,19.59,lbs,True,
PROD-000141,Treatment Kids Wear All,Base people own structure fight within evening majority.,Clothing,Kids Wear,ValueBrand,"Booth, Cole and Ford",323.77,169.29,XS,Navy,12.31,lbs,True,
PROD-000142,Fact Kids Wear Sort,Well always work learn attack financial statement hope team offer watch do his sister all customer.,Clothing,Kids Wear,EcoChoice,"King, Cooper and Harris",1121.14,478.73,L,Navy,16.99,lbs,True,
PROD-000143,Watch Kids Wear Interest,Tough role benefit anything tend after special relationship market this investment police three all talk.,Clothing,Kids Wear,EcoChoice,Trujillo Ltd,140.67,89.38,XXL,Green,14.24,lbs,True,
PROD-000144,Morning Kids Wear Recent,Lead law attention rest well office beyond floor leg discuss easy shake budget enough.,Clothing,Kids Wear,EcoChoice,Gonzales-Peters,481.96,203.77,XXL,,8.34,lbs,True,
PROD-000145,Send Kids Wear Kind,Usually book certainly foreign local civil story network century show style coach make no.,Clothing,Kids Wear,SmartLife,"Abbott, Hicks and Buck",46.34,21.32,XXL,White,4.29,lbs,True,
PROD-000146,Community Kids Wear Evening,Western old person identify point factor rest girl yourself sing then cover require article some.,Clothing,Kids Wear,ValueBrand,Bryant Group,137.74,56.82,XL,Black,0.62,lbs,True,
PROD-000147,Democrat Kids Wear Candidate,Fly not wife against start itself performance eight natural two believe see able arrive safe.,Clothing,Kids Wear,SmartLife,Mueller LLC,538.75,384.85,XL,Blue,1.78,lbs,True,
PROD-000148,Item Kids Wear Answer,Draw technology but risk fine simply know yeah main.,Clothing,Kids Wear,SmartLife,"Jenkins, Yang and Thompson",316.65,201.02,L,Blue,2.71,lbs,True,
PROD-000149,Or Kids Wear Most,See figure law deal environment yet represent office scientist chance tell boy.,Clothing,Kids Wear,EcoChoice,"Gillespie, Castillo and Lee",50.31,24.0,,,9.4,lbs,True,
PROD-000150,Item Kids Wear Involve,Station focus every run hand top left night without project risk western machine at art red.,Clothing,Kids Wear,HomeComfort,Dickson Ltd,916.62,468.08,XXL,Blue,11.86,lbs,True,
PROD-000151,Safe Kids Wear Character,Positive operation someone really many build food research ability play little up.,Clothing,Kids Wear,LuxeLine,"Smith, Brown and Middleton",886.92,376.97,XL,Green,18.19,lbs,True,
PROD-000152,Hard Kids Wear Huge,Another building too important however management goal lose.,Clothing,Kids Wear,SmartLife,Kim and Sons,170.71,121.29,M,Navy,5.27,lbs,True,
PROD-000153,Upon Kids Wear Line,Year same light keep defense whatever act them seven condition recent church result true reach.,Clothing,Kids Wear,HomeComfort,Hunt Ltd,22.9,10.05,M,Green,9.44,lbs,False,
PROD-000154,Blood Kids Wear Message,Left career ten summer just century girl east author policy yard off five.,Clothing,Kids Wear,ValueBrand,Forbes-Nelson,1125.15,461.82,M,Black,15.34,lbs,True,
PROD-000155,Meeting Kids Wear Card,Industry step himself level through citizen president radio job again really blue.,Clothing,Kids Wear,Premium Plus,"Pope, Bell and Alvarado",682.54,302.53,M,Red,8.29,lbs,True,
PROD-000156,Crime Kids Wear Increase,Down ahead perhaps wrong difficult tend choice side.,Clothing,Kids Wear,LuxeLine,Ochoa Ltd,304.32,203.43,,Navy,4.49,lbs,True,
PROD-000157,Lay Kids Wear If,Itself wife expert above doctor play everyone physical present reality in north determine.,Clothing,Kids Wear,BasicGoods,Haynes PLC,607.49,316.41,,Green,5.77,lbs,True,
PROD-000158,Skill Kids Wear Leader,Letter program hand threat dream whom allow four.,Clothing,Kids Wear,StyleMax,Lopez and Sons,729.54,406.32,S,Blue,5.86,lbs,True,
PROD-000159,Human Kids Wear Stand,Tax serious tree nice father forward head impact firm air action same program.,Clothing,Kids Wear,BasicGoods,Smith-Maynard,508.61,312.69,L,Red,6.48,lbs,True,
PROD-000160,Close Kids Wear Prevent,Already huge manage something eye camera course up only study whose national.,Clothing,Kids Wear,StyleMax,Rios-Cantu,643.59,485.16,M,Green,2.59,lbs,True,
PROD-000161,Friend Shoes Option,Others them east issue alone possible friend generation hand lot seven onto sense.,Clothing,Shoes,TechPro,"Crane, Jones and Richards",19.74,14.02,L,Red,6.9,lbs,True,
PROD-000162,May Shoes Understand,Economy free at without lawyer cup she economy test morning after at year institution city.,Clothing,Shoes,ValueBrand,Hurley Group,1003.37,401.74,XXL,Black,6.67,lbs,True,
PROD-000163,Source Shoes Behind,Everyone heavy floor voice source it friend character center suggest so total similar.,Clothing,Shoes,LuxeLine,Figueroa PLC,651.23,476.31,XS,,3.71,lbs,True,
PROD-000164,Beyond Shoes Able,Especially real cold result authority next evening similar.,Clothing,Shoes,TechPro,"Burke, Ponce and King",232.99,132.54,XS,Red,7.76,lbs,True,
PROD-000165,Line Shoes Special,Network share ten road safe budget career I body senior own.,Clothing,Shoes,FitGear,Luna PLC,326.92,131.11,L,White,10.47,lbs,True,
PROD-000166,Together Shoes Affect,Middle southern part activity table training meet national environmental cover executive style.,Clothing,Shoes,SmartLife,Mcknight-Tran,511.81,241.68,M,Blue,12.62,lbs,False,
PROD-000167,Sit Shoes Budget,Fund wonder report game political result price.,Clothing,Shoes,SmartLife,"Garza, Walters and Ali",903.53,469.34,L,Green,4.05,lbs,True,
PROD-000168,Star Shoes Eat,Best reduce nothing individual threat whether avoid tree.,Clothing,Shoes,StyleMax,Bullock-Estes,676.36,433.19,S,Navy,6.56,lbs,True,
PROD-000169,Themselves Shoes Knowledge,Certain boy relationship right get model couple since appear stand environment.,Clothing,Shoes,FitGear,"Colon, Logan and Baker",209.74,145.29,XS,Black,11.66,lbs,True,
PROD-000170,Week Shoes Road,Out suggest home technology chance each bad successful seat hard why government.,Clothing,Shoes,StyleMax,"Valenzuela, Wilson and Barnes",516.11,347.32,S,Blue,10.05,lbs,True,
PROD-000171,Health Shoes Military,Place decision experience offer generation arm dog may push how power huge goal more century.,Clothing,Shoes,TechPro,"Mccarthy, Elliott and Morris",433.17,175.83,XS,Gray,12.93,lbs,True,
PROD-000172,Study Shoes Very,Shoulder suggest age you year throw without need majority.,Clothing,Shoes,FitGear,Davis-Lopez,577.23,397.82,M,Gray,16.13,lbs,True,
PROD-000173,Bit Shoes Walk,Prove notice spring usually guy edge name budget second reach.,Clothing,Shoes,EcoChoice,"Gonzalez, Sanchez and Wilkerson",222.39,104.55,XXL,Blue,5.09,lbs,False,
PROD-000174,Although Shoes National,Hard plant understand subject push listen most north until by.,Clothing,Shoes,Premium Plus,Smith PLC,702.11,356.25,XXL,,3.88,lbs,True,
PROD-000175,Identify Shoes Hotel,Party concern professor our special weight itself clear drive much bar community.,Clothing,Shoes,SmartLife,Hall-King,392.98,180.36,,Blue,1.47,lbs,True,
PROD-000176,No Shoes Describe,Science region yourself whole play like night security week claim while up sure care method because.,Clothing,Shoes,EcoChoice,Crawford-Gregory,250.29,154.88,L,Black,15.54,lbs,True,
PROD-000177,Agreement Shoes Kitchen,Nor guy trial card hit serve experience lawyer since.,Clothing,Shoes,BasicGoods,"Lewis, Davis and Beard",871.82,369.49,,Gray,15.54,lbs,True,
PROD-000178,Quality Shoes Father,Perform air describe wear save buy more study security whom.,Clothing,Shoes,Premium Plus,"Walsh, Beasley and Henderson",759.26,363.29,,Navy,3.88,lbs,True,
PROD-000179,Message Shoes Size,Likely position career appear unit bag their far necessary meeting east.,Clothing,Shoes,SmartLife,Mathis-Thompson,572.02,385.21,M,Navy,12.85,lbs,True,
PROD-000180,Affect Shoes Structure,Politics language represent skill send popular could value.,Clothing,Shoes,HomeComfort,Thomas-Nguyen,367.59,266.37,S,Black,4.12,lbs,True,
PROD-000181,Perhaps Accessories Draw,Can enough growth share local show lay edge knowledge fund close blood source moment general behavior.,Clothing,Accessories,LuxeLine,Fox-Reynolds,115.92,58.39,XXL,,10.56,lbs,True,
PROD-000182,Already Accessories Dream,Couple discover still represent move my measure fear specific administration security project.,Clothing,Accessories,BasicGoods,Rivera-Watts,235.56,135.41,XXL,White,0.36,lbs,True,
PROD-000183,Role Accessories Usually,Sign east professional social find sell argue himself reduce reveal each operation moment drop population approach.,Clothing,Accessories,StyleMax,Collins-Miller,799.83,331.32,L,Black,7.28,lbs,True,
PROD-000184,Kind Accessories Seem,Option face second knowledge laugh professor attention year notice skin democratic increase try their.,Clothing,Accessories,TechPro,"Nguyen, Higgins and Deleon",1020.46,446.31,,Green,10.63,lbs,True,
PROD-000185,Generation Accessories Stock,Career win boy night security common well forward piece beautiful exactly degree maintain institution husband cultural.,Clothing,Accessories,FitGear,"Gray, Rivas and Carter",583.72,418.88,XL,White,2.11,lbs,True,
PROD-000186,Order Accessories Yet,There quickly now remain network place special some after nearly population age air score concern stage.,Clothing,Accessories,FitGear,"Butler, Brown and White",304.53,198.81,XL,Blue,11.21,lbs,True,
PROD-000187,Bed Accessories Fund,Follow future effect old senior amount record knowledge plan six yard add memory ability.,Clothing,Accessories,BasicGoods,Welch-Gomez,833.64,375.59,M,,14.08,lbs,True,
PROD-000188,Run Accessories Member,Evening probably low pull political theory result operation hour.,Clothing,Accessories,Premium Plus,Padilla-Anderson,137.33,61.01,L,Gray,13.18,lbs,True,
PROD-000189,Finish Accessories Team,Cup and yes boy buy let sea ask present ten eight serve dog discussion it.,Clothing,Accessories,EcoChoice,Lowe-Frazier,735.65,303.96,XL,Gray,16.91,lbs,True,
PROD-000190,Modern Accessories Life,Economy reveal star hold strategy friend take follow deal attorney.,Clothing,Accessories,EcoChoice,Fletcher-Garza,733.91,320.29,XL,Red,11.31,lbs,True,
PROD-000191,Place Accessories Best,A tree avoid time physical test ahead small be produce office.,Clothing,Accessories,SmartLife,Olson LLC,928.86,385.2,M,,9.01,lbs,True,
PROD-000192,Indeed Accessories Increase,Page marriage protect listen soldier today seek least seek color should happy institution.,Clothing,Accessories,BasicGoods,"Pacheco, Patton and Moss",907.24,365.89,XS,Blue,19.87,lbs,True,
PROD-000193,Discover Accessories Class,Serious hit writer true he certain gun mother road threat majority floor.,Clothing,Accessories,EcoChoice,Wells PLC,246.15,157.16,XS,Green,18.39,lbs,True,
PROD-000194,Song Accessories Better,Product compare read present father leave history water.,Clothing,Accessories,StyleMax,Curry-Sanford,575.19,289.63,XS,,7.18,lbs,True,
PROD-000195,Away Accessories Cover,Because participant police parent prevent prove door side house team trouble free.,Clothing,Accessories,FitGear,"Evans, Walker and Dillon",379.47,189.87,M,Green,1.93,lbs,True,
PROD-000196,American Accessories Past,As painting front thousand husband your article hour hope represent brother wrong.,Clothing,Accessories,EcoChoice,Shelton-Price,1002.79,459.76,,,3.54,lbs,True,
PROD-000197,Arrive Accessories Like,Left scientist whether Republican possible that stuff may bed scientist hair tell send them reach.,Clothing,Accessories,StyleMax,Goodman-Chaney,692.84,347.9,XL,Green,0.84,lbs,True,
PROD-000198,Program Accessories Employee,Indeed use lot pick clear soon first see hotel leave recent free fear or research already.,Clothing,Accessories,EcoChoice,Odom Ltd,440.43,196.96,M,Navy,8.39,lbs,True,
PROD-000199,People Accessories Wife,His she us for region consumer state long anyone camera easy simply stay deep campaign meeting.,Clothing,Accessories,BasicGoods,Ruiz LLC,685.73,436.2,XS,Navy,1.18,lbs,True,
PROD-000200,Kitchen Accessories Again,Ask its nation movie away matter base career parent.,Clothing,Accessories,EcoChoice,Fox and Sons,329.26,166.47,XL,Red,3.15,lbs,True,
PROD-000201,School Furniture Process,As opportunity someone send list project trade from outside choice realize gun.,Home & Garden,Furniture,BasicGoods,Vazquez LLC,1229.44,498.71,XL,White,4.52,lbs,True,
PROD-000202,Only Furniture Military,Thank together crime six character challenge sing.,Home & Garden,Furniture,StyleMax,"Thompson, Hebert and Salinas",296.42,203.22,L,Black,11.01,lbs,True,
PROD-000203,Heavy Furniture Charge,Take money marriage hear throw go town power feel wall improve professional sure material include.,Home & Garden,Furniture,HomeComfort,"Ward, Johnson and Cohen",373.89,205.28,,Blue,9.67,lbs,True,
PROD-000204,Watch Furniture Nature,Bill act who your we rise any national various lose.,Home & Garden,Furniture,Premium Plus,Singh-Fuentes,404.49,203.71,XL,Red,4.92,lbs,True,
PROD-000205,Year Furniture Have,Section full book activity morning board no.,Home & Garden,Furniture,BasicGoods,"Hawkins, Becker and Fisher",468.32,220.73,XS,White,13.47,lbs,True,
PROD-000206,Phone Furniture Million,Effect itself open land specific role western heavy store skill fast.,Home & Garden,Furniture,BasicGoods,Allen-Robinson,304.41,180.67,XXL,Black,15.42,lbs,True,
PROD-000207,First Furniture Technology,Kind season impact director well officer team choose tend realize turn color boy.,Home & Garden,Furniture,ValueBrand,Cooper and Sons,414.57,181.36,XL,Blue,8.87,lbs,True,
PROD-000208,Discover Furniture Memory,Deal though material explain finish follow clearly outside across traditional about.,Home & Garden,Furniture,HomeComfort,Anderson-Butler,264.05,124.41,,White,2.34,lbs,True,
PROD-000209,Probably Furniture Mean,Interview organization especially we main door wife help occur seem very oil paper behavior seem.,Home & Garden,Furniture,SmartLife,Rowland-Hall,1145.69,474.98,XS,Gray,13.91,lbs,True,
PROD-000210,Least Furniture His,Pass population money model south media other quite total the.,Home & Garden,Furniture,FitGear,Wilson-Wilson,305.98,230.53,XXL,Red,4.16,lbs,True,
PROD-000211,Program Furniture Population,Education energy when reveal usually ask itself such floor fund economy live everyone just citizen.,Home & Garden,Furniture,HomeComfort,Walker LLC,257.02,136.74,XXL,Black,7.59,lbs,True,
PROD-000212,Myself Furniture Lose,Hard total authority tax per until series strategy light health or protect summer.,Home & Garden,Furniture,TechPro,Martinez and Sons,430.76,268.13,M,Red,15.8,lbs,True,
PROD-000213,Teach Furniture Phone,Police agreement art operation floor go box.,Home & Garden,Furniture,TechPro,James PLC,75.11,36.01,XS,Navy,13.24,lbs,True,
PROD-000214,His Furniture Feel,Follow note occur everyone understand fact call.,Home & Garden,Furniture,StyleMax,"Stevenson, Harrison and Hooper",792.18,457.31,XS,Green,17.36,lbs,True,
PROD-000215,Cup Furniture Poor,East third area without image door head social theory happy.,Home & Garden,Furniture,StyleMax,Edwards-Meadows,216.57,123.27,M,,17.35,lbs,True,
PROD-000216,Pay Furniture Religious,After how specific mean room build idea a majority major pick plan mean teacher chair.,Home & Garden,Furniture,ValueBrand,"Buchanan, Joyce and Marshall",192.63,101.34,XL,Black,0.89,lbs,True,
PROD-000217,Wrong Furniture Large,Answer use lay ok spend right test suffer in notice.,Home & Garden,Furniture,HomeComfort,"Hudson, Jimenez and Cochran",300.95,159.41,XS,Gray,13.72,lbs,True,
PROD-000218,Wonder Furniture Government,Social senior rather factor you product kitchen.,Home & Garden,Furniture,Premium Plus,Burke and Sons,394.59,158.14,M,Black,12.55,lbs,True,
PROD-000219,You Furniture Poor,Rather admit kid discuss consider wear if.,Home & Garden,Furniture,TechPro,West and Sons,1016.6,446.3,XL,Green,4.59,lbs,True,
PROD-000220,Hair Furniture Figure,Down forward fight bad goal matter attack kind data necessary side rise small.,Home & Garden,Furniture,LuxeLine,Ramirez Ltd,296.59,202.49,XL,Red,8.4,lbs,True,
PROD-000221,Four Kitchen On,Respond opportunity suffer network provide word provide fight.,Home & Garden,Kitchen,BasicGoods,Murphy-Stewart,366.74,218.97,M,,10.89,lbs,True,
PROD-000222,Deep Kitchen Rock,Southern hair score full phone center miss that watch almost law recently agency bank couple.,Home & Garden,Kitchen,FitGear,Ortiz Group,151.88,77.9,,Blue,6.25,lbs,True,
PROD-000223,List Kitchen Court,Single movement fish natural need sit still consumer.,Home & Garden,Kitchen,HomeComfort,"Giles, Walker and Carroll",389.94,266.66,XXL,Blue,6.42,lbs,True,
PROD-000224,Teach Kitchen Onto,Born without rise color be list look able though.,Home & Garden,Kitchen,EcoChoice,"Lee, Johnson and Bernard",684.71,474.81,,Blue,14.57,lbs,True,
PROD-000225,Hot Kitchen Nice,Almost nice raise maybe within interesting value middle buy kitchen.,Home & Garden,Kitchen,LuxeLine,Nichols Group,792.88,441.26,M,,14.94,lbs,True,
PROD-000226,Great Kitchen Reflect,Animal human lose yet glass green six same send force beyond able want.,Home & Garden,Kitchen,HomeComfort,"Caldwell, Ramos and Mccullough",704.03,322.06,,Red,2.22,lbs,True,
PROD-000227,Case Kitchen Health,Family condition read sort mouth past maybe.,Home & Garden,Kitchen,SmartLife,Johnson PLC,780.39,383.6,XL,Red,11.97,lbs,True,
PROD-000228,Which Kitchen Front,More character garden mean series six picture another again explain box society.,Home & Garden,Kitchen,ValueBrand,Wood Group,31.79,22.78,S,,14.27,lbs,True,
PROD-000229,Simple Kitchen Would,Oil bring her mission budget short state beat play picture wide.,Home & Garden,Kitchen,HomeComfort,Hall LLC,807.94,427.54,S,Red,4.6,lbs,True,
PROD-000230,Adult Kitchen Sea,Key pressure and among stop friend feeling we network case phone.,Home & Garden,Kitchen,LuxeLine,Sullivan PLC,1168.43,484.72,S,Red,15.18,lbs,True,
PROD-000231,Prevent Kitchen Rest,Unit his parent film drop join give.,Home & Garden,Kitchen,BasicGoods,"Phelps, Banks and Hunter",1152.69,464.28,L,Gray,17.35,lbs,True,
PROD-000232,Amount Kitchen Wife,Small hour none idea maintain that fight foot member season.,Home & Garden,Kitchen,BasicGoods,Johnson-Blair,489.8,219.5,XXL,Navy,14.43,lbs,True,
PROD-000233,Eat Kitchen Happy,Site significant that property end positive the partner.,Home & Garden,Kitchen,Premium Plus,"Russell, Park and Lambert",933.93,470.18,XL,Black,10.46,lbs,True,
PROD-000234,Also Kitchen Speech,Role employee deep trade report adult reduce.,Home & Garden,Kitchen,FitGear,"Pierce, Hodges and Lloyd",560.93,415.23,XL,Navy,19.68,lbs,False,
PROD-000235,Key Kitchen Mission,Close first feeling reach heavy school anything often war decision marriage add operation why thought wide.,Home & Garden,Kitchen,TechPro,"Bartlett, Garcia and Barry",443.24,199.82,S,Green,8.85,lbs,True,
PROD-000236,Drug Kitchen Toward,Nation here board Congress benefit area herself for until his child keep born tend despite blue.,Home & Garden,Kitchen,HomeComfort,Powell-Mason,639.33,389.1,L,Green,12.3,lbs,True,
PROD-000237,Indicate Kitchen Consider,Skill want once until social police walk major hair.,Home & Garden,Kitchen,ValueBrand,"Brown, Elliott and Wagner",387.26,263.32,XS,White,3.68,lbs,True,
PROD-000238,Step Kitchen Live,Letter discuss determine serve similar behind interest throw common.,Home & Garden,Kitchen,LuxeLine,Baker LLC,876.58,448.22,L,Gray,9.07,lbs,True,
PROD-000239,Line Kitchen Begin,Four summer energy bit continue end why radio matter plan outside social school.,Home & Garden,Kitchen,FitGear,Chandler-Wood,644.93,299.25,L,White,5.08,lbs,True,
PROD-000240,Before Kitchen Receive,Sometimes boy despite room leg and organization magazine investment again country natural court east hot.,Home & Garden,Kitchen,StyleMax,Fitzgerald-Edwards,1025.28,454.51,XS,White,14.15,lbs,True,
PROD-000241,Consumer Bedding Technology,Prove able soon example put financial end several establish someone itself buy good executive.,Home & Garden,Bedding,Premium Plus,Gomez-Cruz,111.3,51.8,XL,Blue,7.64,lbs,True,
PROD-000242,Onto Bedding Decade,Stage involve check because mouth voice tell growth authority.,Home & Garden,Bedding,BasicGoods,Johnston LLC,925.43,386.45,,Blue,3.33,lbs,True,
PROD-000243,Explain Bedding Wonder,That pick significant term fund happy total me article.,Home & Garden,Bedding,SmartLife,Holland-Fox,526.78,386.89,M,,5.85,lbs,True,
PROD-000244,Consider Bedding Same,Just likely character could fill realize contain.,Home & Garden,Bedding,TechPro,"Lewis, Moreno and Garcia",1104.35,450.29,XL,Green,0.34,lbs,True,
PROD-000245,Stay Bedding Energy,Image citizen easy choice important large trouble involve fact.,Home & Garden,Bedding,BasicGoods,"Rogers, Hunter and Romero",577.06,254.33,L,Red,4.42,lbs,True,
PROD-000246,Candidate Bedding Partner,Several Mr land relationship sell on character offer environmental particular skin.,Home & Garden,Bedding,BasicGoods,Butler LLC,425.22,232.33,XL,Black,4.97,lbs,True,
PROD-000247,Public Bedding Value,Church term road this important end spring white above rather discover power today position.,Home & Garden,Bedding,FitGear,Hines Inc,617.67,313.69,XS,Blue,3.05,lbs,True,
PROD-000248,Cut Bedding Bag,But require since them low others game few trip never move country big.,Home & Garden,Bedding,BasicGoods,Pope-Ortega,65.07,27.99,,Green,6.69,lbs,True,
PROD-000249,Very Bedding Should,Mention black idea music activity economic career around.,Home & Garden,Bedding,HomeComfort,Savage and Sons,157.9,63.35,XXL,Green,12.26,lbs,True,
PROD-000250,Month Bedding Newspaper,Popular half create book everybody those thus nor name behind machine employee beautiful fish sound again.,Home & Garden,Bedding,HomeComfort,Hampton-Smith,676.87,301.53,L,Gray,18.64,lbs,True,
PROD-000251,Kitchen Bedding Throughout,Dog herself arrive however week improve writer company century.,Home & Garden,Bedding,LuxeLine,Arnold-Jacobs,272.93,156.65,,White,15.19,lbs,True,
PROD-000252,Check Bedding Worker,Bit site year chair when international political wall simply front western by.,Home & Garden,Bedding,StyleMax,Moreno Inc,77.97,41.81,XXL,Green,6.65,lbs,True,
PROD-000253,Bank Bedding Future,Such three market prepare house remember this ask nor partner politics contain what most.,Home & Garden,Bedding,TechPro,Cantu-Williams,174.97,112.82,XS,White,9.72,lbs,True,
PROD-000254,None Bedding Difficult,Need several news special usually box among west likely cultural moment wind bar.,Home & Garden,Bedding,SmartLife,Webster-Lane,1161.33,467.61,L,Gray,5.27,lbs,True,
PROD-000255,Day Bedding Present,Owner west ago appear suddenly school hospital.,Home & Garden,Bedding,BasicGoods,Flynn-Olson,760.89,315.39,XL,,10.44,lbs,True,
PROD-000256,Project Bedding Cost,Manage message for president perhaps respond successful pattern as collection direction.,Home & Garden,Bedding,BasicGoods,Preston and Sons,380.99,251.33,S,Green,19.59,lbs,False,
PROD-000257,Claim Bedding Pick,Common offer provide company side eight born or table eat.,Home & Garden,Bedding,StyleMax,"Sampson, Orozco and Burns",44.6,21.75,XXL,Red,16.01,lbs,True,
PROD-000258,Use Bedding Hold,Doctor be Mr skin guess environmental national arm sport story off.,Home & Garden,Bedding,Premium Plus,"Haas, Molina and Robinson",362.01,212.88,,Red,0.32,lbs,True,
PROD-000259,Item Bedding Place,Drug success growth police half admit story from during manage although themselves matter let all.,Home & Garden,Bedding,SmartLife,"Brown, Lopez and Wallace",332.74,148.0,M,Gray,15.36,lbs,True,
PROD-000260,Check Bedding Beyond,These soldier she yard religious able cover door south hear inside inside adult any fine all.,Home & Garden,Bedding,BasicGoods,"Byrd, Zhang and Sellers",307.67,173.31,XL,Black,16.66,lbs,True,
PROD-000261,General Decor Cultural,Support itself worry speak himself rather debate.,Home & Garden,Decor,ValueBrand,Paul-Anderson,1007.39,418.57,L,Black,12.95,lbs,True,
PROD-000262,Imagine Decor Inside,Discuss here fall tough well couple account little reality building.,Home & Garden,Decor,Premium Plus,"Phillips, Marshall and Rodgers",752.22,317.33,M,,15.7,lbs,True,
PROD-000263,Any Decor Good,Page PM gun never our report accept stop.,Home & Garden,Decor,SmartLife,Gutierrez-Alexander,860.7,373.87,XL,Gray,11.15,lbs,False,
PROD-000264,Table Decor Early,Church individual difficult our beautiful son draw consider body present agreement relate.,Home & Garden,Decor,EcoChoice,"Logan, Bennett and Gamble",497.4,292.92,XS,Blue,5.68,lbs,False,
PROD-000265,Arm Decor Industry,Force interest collection ok whom hand knowledge kitchen ball feeling analysis likely marriage.,Home & Garden,Decor,HomeComfort,Hernandez Ltd,1009.43,491.97,XL,Navy,3.83,lbs,True,
PROD-000266,Mission Decor Treat,Upon suggest manage society shoulder clear world firm let tree person travel under organization research husband.,Home & Garden,Decor,EcoChoice,"Spencer, Wright and Woods",656.87,393.35,XXL,Black,5.5,lbs,True,
PROD-000267,Born Decor Free,Behavior election rich break fall south find hair.,Home & Garden,Decor,SmartLife,Burch-Gonzales,767.76,439.75,S,Green,3.58,lbs,True,
PROD-000268,Bad Decor Whole,Kitchen type like success research begin through a important others.,Home & Garden,Decor,StyleMax,Conway-Stewart,43.68,28.32,L,Black,16.0,lbs,True,
PROD-000269,Argue Decor Occur,Little sport court account business wonder before manage third become ahead bit.,Home & Garden,Decor,ValueBrand,"Mcdowell, Wilson and Powers",146.05,85.5,XXL,Green,15.53,lbs,True,
PROD-000270,Live Decor Different,Develop bed weight place practice lawyer ahead each fish onto group stuff employee air now.,Home & Garden,Decor,Premium Plus,"Hampton, Santos and Fitzgerald",999.64,437.18,XXL,Blue,4.18,lbs,False,
PROD-000271,Free Decor Fill,Sit reveal report their need where system avoid inside.,Home & Garden,Decor,StyleMax,Harris-Farmer,467.37,199.92,XS,Green,18.65,lbs,True,
PROD-000272,Consider Decor Floor,Structure effect your first factor how job ever.,Home & Garden,Decor,ValueBrand,"Thomas, Perez and Cameron",423.03,301.2,XS,White,10.46,lbs,True,
PROD-000273,Quickly Decor Large,Call available bad turn energy area million we our girl physical.,Home & Garden,Decor,SmartLife,Austin-Young,325.11,163.12,XXL,Red,6.49,lbs,True,
PROD-000274,Wide Decor Risk,Hospital chair suddenly manager interesting foot seven do water sell establish society act.,Home & Garden,Decor,ValueBrand,Maxwell Ltd,244.97,145.56,XXL,White,5.53,lbs,True,
PROD-000275,Term Decor Field,Benefit think live yourself president use politics fact.,Home & Garden,Decor,Premium Plus,Newton-Clarke,161.92,66.09,XL,White,4.21,lbs,True,
PROD-000276,Project Decor Book,Water myself summer animal low into structure.,Home & Garden,Decor,SmartLife,"Morris, Adkins and Brown",244.09,166.06,XL,Red,3.51,lbs,True,
PROD-000277,Onto Decor Such,Dinner add blood purpose plant whom police major study drive environment development worry stop task.,Home & Garden,Decor,TechPro,Wright-Blake,871.46,447.2,S,Black,9.47,lbs,True,
PROD-000278,Mean Decor Already,Professor maybe growth structure guy drop program success.,Home & Garden,Decor,LuxeLine,Robles-Flores,84.47,61.9,L,Blue,14.12,lbs,True,
PROD-000279,Environmental Decor Above,Democrat affect treatment break force huge occur language popular scene grow north foreign skin visit.,Home & Garden,Decor,ValueBrand,George Group,677.69,318.44,XL,Gray,6.32,lbs,True,
PROD-000280,Will Decor Own,Maybe most land check huge anyone watch scientist paper.,Home & Garden,Decor,Premium Plus,"Snow, Roberts and Simmons",756.38,359.32,XS,,11.4,lbs,True,
PROD-000281,Prove Garden Tools Beyond,Others technology along ready rich together stop smile.,Home & Garden,Garden Tools,StyleMax,Singh PLC,862.06,403.15,L,Green,13.72,lbs,True,
PROD-000282,Race Garden Tools Wait,Ago with you seat approach maybe cut several change property brother view forward cause never sing.,Home & Garden,Garden Tools,FitGear,Clark Inc,375.63,238.04,S,Green,18.27,lbs,True,
PROD-000283,Crime Garden Tools Girl,Magazine case able real street mind general series investment interesting ready record when.,Home & Garden,Garden Tools,EcoChoice,Davis-Ramirez,740.27,352.81,L,,0.7,lbs,True,
PROD-000284,Contain Garden Tools Model,Country cut practice discussion majority effort traditional big time reveal activity education alone order.,Home & Garden,Garden Tools,HomeComfort,Green-Wood,337.72,182.21,M,Gray,12.13,lbs,True,
PROD-000285,Movie Garden Tools Lose,Pay pattern century anyone teacher forget note production.,Home & Garden,Garden Tools,StyleMax,Perez-Kane,137.87,60.44,M,White,15.87,lbs,True,
PROD-000286,Put Garden Tools Surface,Tell offer grow summer range man part.,Home & Garden,Garden Tools,BasicGoods,"Lawson, Foster and Powers",370.72,206.4,S,Blue,19.48,lbs,True,
PROD-000287,Court Garden Tools Middle,Least give chance minute phone institution race toward camera chance.,Home & Garden,Garden Tools,BasicGoods,Flores Inc,402.86,176.95,L,Navy,11.39,lbs,True,
PROD-000288,Receive Garden Tools View,Dream debate blood little could watch put concern.,Home & Garden,Garden Tools,StyleMax,Sullivan-Ray,527.89,350.13,XXL,,2.38,lbs,True,
PROD-000289,Network Garden Tools There,Represent theory color cause role consider task trade newspaper size model.,Home & Garden,Garden Tools,ValueBrand,Tanner-Dalton,240.13,169.44,S,Green,19.12,lbs,True,
PROD-000290,Matter Garden Tools Artist,Fight once street eat activity money government there when day peace buy wear born staff.,Home & Garden,Garden Tools,LuxeLine,"Spencer, Taylor and Banks",144.08,63.28,M,,12.94,lbs,True,
PROD-000291,Name Garden Tools According,Yet other land head person avoid last myself establish out next significant east about know everything.,Home & Garden,Garden Tools,BasicGoods,"Kim, Yang and Hall",171.06,116.63,,Black,15.17,lbs,True,
PROD-000292,Candidate Garden Tools Big,Society knowledge provide offer how fill hand final keep major.,Home & Garden,Garden Tools,BasicGoods,Smith and Sons,382.69,231.96,XL,,3.99,lbs,True,
PROD-000293,Why Garden Tools Heart,Practice medical candidate daughter enough rich project single agree new conference present.,Home & Garden,Garden Tools,SmartLife,Holmes LLC,327.67,165.13,L,Gray,19.81,lbs,True,
PROD-000294,Article Garden Tools Sure,Role movement man option network coach future main government.,Home & Garden,Garden Tools,HomeComfort,Jones-Watson,592.17,309.63,,Green,1.34,lbs,True,
PROD-000295,Speech Garden Tools Financial,Fly sure water describe almost sign high indicate.,Home & Garden,Garden Tools,Premium Plus,Brown-Wu,630.04,484.27,,Gray,2.28,lbs,True,
PROD-000296,Save Garden Tools Interest,She do between small attorney issue behavior bit white forward.,Home & Garden,Garden Tools,BasicGoods,"Robinson, Larson and Henry",45.96,25.28,L,Gray,14.26,lbs,True,
PROD-000297,She Garden Tools Build,Eight arm maintain performance win across way magazine piece deep.,Home & Garden,Garden Tools,HomeComfort,Davis-Ryan,346.79,223.24,L,Blue,3.85,lbs,True,
PROD-000298,Certain Garden Tools Until,To expert try military and century benefit.,Home & Garden,Garden Tools,HomeComfort,Clayton Group,1068.58,463.0,M,Blue,2.77,lbs,True,
PROD-000299,Room Garden Tools Fire,Fear next use during growth smile fly should war.,Home & Garden,Garden Tools,ValueBrand,Johnston PLC,38.33,17.7,XXL,Navy,19.5,lbs,True,
PROD-000300,Agent Garden Tools Government,His trip kid player can sport worry trade security alone.,Home & Garden,Garden Tools,ValueBrand,Woods-Hess,175.11,77.24,,Navy,12.5,lbs,True,
PROD-000301,Point Fitness Agency,Finish wish fly turn Mr nothing send smile sure much.,Sports & Outdoors,Fitness,LuxeLine,"Baker, Morris and Murphy",497.52,217.82,M,Red,3.8,lbs,True,
PROD-000302,Score Fitness Likely,Sister station language family control wide employee unit player tough wind TV type program information.,Sports & Outdoors,Fitness,FitGear,Smith-Cobb,679.08,293.19,XXL,Green,8.28,lbs,True,
PROD-000303,Anything Fitness But,Position sometimes over others drug under agency difference election physical field almost scene.,Sports & Outdoors,Fitness,BasicGoods,"Williams, Mccoy and Smith",469.59,189.82,L,Gray,2.35,lbs,True,
PROD-000304,Away Fitness Threat,Situation even item finally either wish add threat also fall include.,Sports & Outdoors,Fitness,Premium Plus,King-Murray,512.24,348.34,,Green,9.35,lbs,True,
PROD-000305,Newspaper Fitness Strong,Fast whose special go guess affect year necessary painting teacher.,Sports & Outdoors,Fitness,ValueBrand,Coleman-Stewart,627.22,446.06,XXL,White,13.71,lbs,True,
PROD-000306,Knowledge Fitness As,Whom morning recent own school become medical color.,Sports & Outdoors,Fitness,EcoChoice,Sparks Group,598.52,294.02,XL,Black,9.43,lbs,True,
PROD-000307,Head Fitness Cost,Art push happy form against drive full again test upon audience market.,Sports & Outdoors,Fitness,LuxeLine,Chen Ltd,523.16,239.92,M,Green,5.86,lbs,False,
PROD-000308,Face Fitness Medical,Task wife product there stand strategy big always while director statement red business learn.,Sports & Outdoors,Fitness,BasicGoods,Brown-Cox,1016.52,462.2,M,Black,12.62,lbs,True,
PROD-000309,How Fitness Black,Member turn everyone order executive seven poor parent service edge final walk my.,Sports & Outdoors,Fitness,SmartLife,Romero Inc,606.86,290.7,,Black,5.81,lbs,True,
PROD-000310,Trial Fitness Behavior,Tell plan even second quite should value other report sit.,Sports & Outdoors,Fitness,SmartLife,Goodman-Nguyen,598.4,257.74,M,Blue,12.35,lbs,True,
PROD-000311,Paper Fitness Best,Trip federal morning TV yeah after above produce his surface tell.,Sports & Outdoors,Fitness,BasicGoods,Prince-Young,297.6,135.91,S,Blue,13.22,lbs,True,
PROD-000312,Stuff Fitness Particularly,Popular eye scientist song management adult whatever sell long.,Sports & Outdoors,Fitness,FitGear,"Little, Trujillo and Barnes",214.84,95.95,L,Blue,16.01,lbs,True,
PROD-000313,Environmental Fitness Too,Like day most focus ever challenge born between Mrs but camera Mrs land kid southern.,Sports & Outdoors,Fitness,HomeComfort,Coleman-Clements,249.43,178.0,XL,Blue,16.77,lbs,True,
PROD-000314,Some Fitness Art,Bank build couple half herself education garden price particularly both itself often suddenly suggest most great.,Sports & Outdoors,Fitness,ValueBrand,Flores-Wilson,373.68,212.34,XXL,Blue,4.3,lbs,True,
PROD-000315,Production Fitness House,Safe defense through option provide woman machine product talk size local loss station.,Sports & Outdoors,Fitness,StyleMax,Nelson LLC,370.84,179.09,XS,Blue,9.33,lbs,True,
PROD-000316,Support Fitness Little,War area wide you seek recent growth while eight example policy six reality there.,Sports & Outdoors,Fitness,Premium Plus,Ellis-Morris,593.31,243.37,S,Navy,13.7,lbs,True,
PROD-000317,Hospital Fitness Improve,Describe election trade value near ground run remember pressure hospital street send improve drug full even.,Sports & Outdoors,Fitness,LuxeLine,Smith LLC,268.58,138.69,XS,Green,18.55,lbs,True,
PROD-000318,Agreement Fitness Other,Weight sister rate civil up like month religious simple little occur public.,Sports & Outdoors,Fitness,TechPro,"Jimenez, Arroyo and Peters",840.44,342.46,XS,Gray,19.13,lbs,True,
PROD-000319,Explain Fitness Thought,Save population interview idea doctor understand specific music small.,Sports & Outdoors,Fitness,EcoChoice,Strickland Group,1071.44,459.84,M,Green,16.07,lbs,True,
PROD-000320,Responsibility Fitness Type,Enough common toward outside statement write cultural growth argue loss store.,Sports & Outdoors,Fitness,FitGear,Reynolds and Sons,549.05,296.25,XXL,Red,10.45,lbs,True,
PROD-000321,Mean Camping Mission,Race eight everything blood year nor ask born cover quite old against student likely.,Sports & Outdoors,Camping,TechPro,Cooper and Sons,832.4,496.68,XXL,Black,16.65,lbs,False,
PROD-000322,Guy Camping Also,Hold available interview live artist person center apply.,Sports & Outdoors,Camping,ValueBrand,"Williams, Warren and Gonzalez",82.45,57.87,M,Red,14.53,lbs,True,
PROD-000323,Somebody Camping To,Station often center water lose discuss story it team compare sister.,Sports & Outdoors,Camping,TechPro,"Campbell, Arnold and Davis",54.51,26.68,XL,Red,19.01,lbs,True,
PROD-000324,Hundred Camping Remember,Police traditional party brother reason occur feel too always attention blood choose left outside behind.,Sports & Outdoors,Camping,BasicGoods,Melendez-Lawrence,515.44,356.96,S,Navy,13.16,lbs,True,
PROD-000325,Big Camping Beautiful,Agree country discover sport see arrive happen weight worker.,Sports & Outdoors,Camping,StyleMax,"Reynolds, Riley and Moore",707.1,287.37,XXL,Blue,5.14,lbs,True,
PROD-000326,Painting Camping Yourself,Still newspaper debate loss they put those expert city may his.,Sports & Outdoors,Camping,SmartLife,Ball-Allen,968.65,468.73,,Navy,13.88,lbs,True,
PROD-000327,Product Camping Oil,Sing approach during staff room them little carry society yet offer sport husband group we form.,Sports & Outdoors,Camping,StyleMax,Moore Group,623.19,387.36,M,Black,7.72,lbs,True,
PROD-000328,Prepare Camping Police,Everyone success plant push reflect early letter house next.,Sports & Outdoors,Camping,SmartLife,Farmer-Freeman,96.47,39.43,S,,1.48,lbs,True,
PROD-000329,Value Camping Effect,They money story team bad commercial money job close maintain either small himself pattern appear.,Sports & Outdoors,Camping,ValueBrand,Ramos Ltd,191.87,108.33,XS,Blue,10.86,lbs,True,
PROD-000330,Try Camping Tough,Others term whatever herself consumer see beyond first determine.,Sports & Outdoors,Camping,ValueBrand,"Palmer, Taylor and Mitchell",443.72,310.84,XXL,Green,2.16,lbs,True,
PROD-000331,Everything Camping Bank,Least bill attorney organization source economic read.,Sports & Outdoors,Camping,ValueBrand,Brown-Frost,464.14,289.96,XS,,3.06,lbs,True,
PROD-000332,Knowledge Camping His,More between per develop group air old have total product air box follow.,Sports & Outdoors,Camping,SmartLife,Wood-Ramos,979.8,467.12,S,Gray,18.1,lbs,True,
PROD-000333,Down Camping Type,Spend local reason rich respond would realize every.,Sports & Outdoors,Camping,ValueBrand,Davis Group,637.42,262.54,L,Navy,8.14,lbs,True,
PROD-000334,Here Camping Join,Soon your according want relationship record young.,Sports & Outdoors,Camping,FitGear,Lewis-Lewis,564.75,408.02,XS,Navy,19.09,lbs,True,
PROD-000335,These Camping Physical,Specific probably base those accept produce want not including baby sometimes necessary table try.,Sports & Outdoors,Camping,EcoChoice,Avery Ltd,487.67,246.21,M,Green,8.07,lbs,True,
PROD-000336,War Camping Every,Work indeed decade high establish realize international.,Sports & Outdoors,Camping,Premium Plus,Brown-Sexton,675.97,479.82,,Gray,1.7,lbs,True,
PROD-000337,Form Camping Top,Wish establish game return strong stock base stop.,Sports & Outdoors,Camping,HomeComfort,"Castaneda, Mcknight and Johnson",801.01,385.59,XL,Black,19.35,lbs,True,
PROD-000338,Floor Camping Group,Bar firm drug audience both want particularly.,Sports & Outdoors,Camping,StyleMax,"Russell, Rivas and Hernandez",276.62,156.45,XXL,Gray,9.78,lbs,True,
PROD-000339,Into Camping Plan,Sometimes reflect ever until series you parent individual suggest either.,Sports & Outdoors,Camping,TechPro,"Kirby, Cook and Hernandez",343.06,224.61,S,Black,14.42,lbs,True,
PROD-000340,Marriage Camping Hard,Study college finally ten serious hit theory.,Sports & Outdoors,Camping,Premium Plus,"Reese, Mason and Sherman",343.51,249.72,XXL,Green,10.04,lbs,True,
PROD-000341,Statement Cycling Shoulder,Front election black million material material soldier feel newspaper small him hard news water.,Sports & Outdoors,Cycling,TechPro,"Porter, Floyd and Rivera",1003.07,407.77,XS,Gray,1.22,lbs,True,
PROD-000342,Whether Cycling Might,News husband scene high whatever thought enjoy.,Sports & Outdoors,Cycling,Premium Plus,"Roberts, Barrera and Escobar",44.67,30.98,L,Blue,14.85,lbs,True,
PROD-000343,Family Cycling Skin,Person under she see management pick morning art get.,Sports & Outdoors,Cycling,ValueBrand,Brown Inc,98.87,45.3,XXL,Black,9.48,lbs,True,
PROD-000344,Dream Cycling Left,Price woman think improve edge pay yes amount central artist rise professor bring change trade.,Sports & Outdoors,Cycling,HomeComfort,Griffin Group,69.47,32.44,XS,Blue,12.69,lbs,True,
PROD-000345,Receive Cycling Nothing,Keep action investment back enter international officer child.,Sports & Outdoors,Cycling,BasicGoods,Carlson Ltd,583.93,412.16,S,White,16.37,lbs,True,
PROD-000346,Stop Cycling Manage,In bit another edge tend situation follow ahead management add reach that girl.,Sports & Outdoors,Cycling,FitGear,Page PLC,572.89,253.6,XS,Red,8.58,lbs,True,
PROD-000347,Up Cycling According,Tonight tree network condition exist happy lead.,Sports & Outdoors,Cycling,EcoChoice,Moreno Group,1038.58,491.27,XS,Blue,6.5,lbs,True,
PROD-000348,Will Cycling Meeting,Sometimes item maintain read page city still network discussion only bring day week option.,Sports & Outdoors,Cycling,HomeComfort,Rodriguez and Sons,155.09,114.48,M,White,2.5,lbs,True,
PROD-000349,Local Cycling Control,Performance movement cultural west less win size approach model office color side.,Sports & Outdoors,Cycling,Premium Plus,Watkins-Stokes,455.79,213.43,S,,4.95,lbs,True,
PROD-000350,System Cycling Few,Physical significant opportunity suggest writer much bed provide close sense something article democratic benefit.,Sports & Outdoors,Cycling,BasicGoods,Heath PLC,169.48,75.35,L,Blue,0.41,lbs,True,
PROD-000351,American Cycling Church,Make probably society sure themselves collection another president responsibility leader difficult he.,Sports & Outdoors,Cycling,StyleMax,Montgomery-Dyer,19.87,13.11,XXL,Green,8.38,lbs,True,
PROD-000352,Prevent Cycling Born,But just her baby relate charge occur then why must however them.,Sports & Outdoors,Cycling,FitGear,Cruz Inc,827.96,388.56,S,Green,10.51,lbs,True,
PROD-000353,Cause Cycling Statement,During technology message could certain art challenge for every animal near war.,Sports & Outdoors,Cycling,TechPro,Hughes LLC,954.65,469.66,XL,Blue,14.37,lbs,True,
PROD-000354,Affect Cycling Position,Next use standard state town television marriage best style trip player explain bring.,Sports & Outdoors,Cycling,SmartLife,Hendrix Ltd,121.76,53.13,M,Navy,0.19,lbs,True,
PROD-000355,Above Cycling Leave,Follow fall expert whether while surface sense so discuss agree accept issue different.,Sports & Outdoors,Cycling,StyleMax,Copeland-Klein,130.85,67.58,XL,Gray,17.27,lbs,True,
PROD-000356,Ability Cycling Section,Participant system pick thought himself north support each health someone expect level particular anything store.,Sports & Outdoors,Cycling,FitGear,Adkins-Underwood,480.4,258.69,M,Black,3.96,lbs,True,
PROD-000357,Article Cycling Everyone,Address major morning age support international happy young above want answer TV somebody today.,Sports & Outdoors,Cycling,ValueBrand,Jacobson PLC,851.39,345.77,L,Blue,3.28,lbs,True,
PROD-000358,Within Cycling Generation,Foreign lot total meet a executive machine agency civil clearly for able clearly fire.,Sports & Outdoors,Cycling,FitGear,Smith Ltd,63.35,36.47,L,Green,6.75,lbs,True,
PROD-000359,Challenge Cycling Not,Authority success together bring forget education ball song need listen set simple.,Sports & Outdoors,Cycling,TechPro,Ball Inc,515.94,381.62,XL,Blue,3.25,lbs,False,
PROD-000360,Detail Cycling Tree,Second build most environment message grow begin face camera whose view about election understand within same.,Sports & Outdoors,Cycling,FitGear,Jones-Patterson,363.29,262.3,XXL,,11.89,lbs,True,
PROD-000361,Pm Team Sports Who,Democratic sign list record certainly similar no throw on large.,Sports & Outdoors,Team Sports,EcoChoice,"Owens, Carr and Williams",226.83,107.39,S,White,6.59,lbs,True,
PROD-000362,Would Team Sports City,Condition data any without happen cup specific keep chance stop summer data.,Sports & Outdoors,Team Sports,LuxeLine,Lynch LLC,870.75,371.5,S,White,9.47,lbs,True,
PROD-000363,Power Team Sports Before,Population movement sport nothing throw hope expert couple father.,Sports & Outdoors,Team Sports,BasicGoods,Bell-Steele,657.87,446.34,L,Blue,7.81,lbs,True,
PROD-000364,Become Team Sports Really,Too why realize other society health inside set happy senior on.,Sports & Outdoors,Team Sports,SmartLife,Hendricks Group,746.61,362.71,S,Gray,2.63,lbs,True,
PROD-000365,Science Team Sports Early,Move pay often theory sit dream purpose another.,Sports & Outdoors,Team Sports,ValueBrand,Smith and Sons,57.42,39.23,L,Navy,3.51,lbs,True,
PROD-000366,Take Team Sports Thank,Drive develop million place dream product hit shoulder food particular.,Sports & Outdoors,Team Sports,BasicGoods,"Hopkins, Simpson and Green",899.51,444.34,S,Red,1.82,lbs,True,
PROD-000367,Agent Team Sports Star,Early strong true up investment field always matter check amount civil.,Sports & Outdoors,Team Sports,BasicGoods,Woods-Hunter,622.98,249.71,L,,5.66,lbs,True,
PROD-000368,Kid Team Sports Last,Including ahead day yet cover around never moment which cut.,Sports & Outdoors,Team Sports,EcoChoice,Elliott Inc,591.68,370.73,L,Red,17.85,lbs,True,
PROD-000369,Better Team Sports Politics,My far matter piece level between realize how bit nor produce then prevent top style identify.,Sports & Outdoors,Team Sports,TechPro,"Michael, Jennings and Wagner",165.04,83.0,L,Black,0.9,lbs,True,
PROD-000370,Rate Team Sports Author,Name off action her this human society race model themselves city onto find.,Sports & Outdoors,Team Sports,Premium Plus,Wood PLC,518.2,386.62,L,,16.21,lbs,True,
PROD-000371,Remember Team Sports Exactly,Follow up institution simply quality others church experience program participant lead page.,Sports & Outdoors,Team Sports,StyleMax,Robinson Inc,109.91,58.02,XL,Black,13.89,lbs,True,
PROD-000372,Onto Team Sports Assume,Deep next above national sure those election traditional worry necessary and star watch today move.,Sports & Outdoors,Team Sports,FitGear,Scott LLC,202.11,116.82,XXL,White,0.42,lbs,True,
PROD-000373,Notice Team Sports Huge,Trouble play hit consumer describe prove mean ahead reflect security increase argue two paper.,Sports & Outdoors,Team Sports,BasicGoods,"Alvarez, Sutton and Walker",165.27,89.28,XXL,Black,19.53,lbs,True,
PROD-000374,Agent Team Sports Nice,Right across reflect knowledge common wish simply relationship subject keep camera same themselves month.,Sports & Outdoors,Team Sports,HomeComfort,Mitchell Inc,167.06,77.93,,Gray,12.57,lbs,True,
PROD-000375,Goal Team Sports Stop,Main wear better place keep research exist cold wife subject protect hold.,Sports & Outdoors,Team Sports,LuxeLine,Nelson PLC,21.9,10.67,XXL,Gray,10.67,lbs,True,
PROD-000376,Play Team Sports Fact,East strong market name last reveal although power pattern impact care.,Sports & Outdoors,Team Sports,BasicGoods,"Parker, Smith and Lozano",810.0,378.92,XL,Red,15.78,lbs,True,
PROD-000377,Near Team Sports Eye,Education add boy kind family wife catch outside recently memory first into piece.,Sports & Outdoors,Team Sports,TechPro,Leach-Beck,964.02,441.62,XL,Gray,17.77,lbs,True,
PROD-000378,First Team Sports Citizen,Free small I company condition parent yes class work information pattern.,Sports & Outdoors,Team Sports,EcoChoice,Hamilton Inc,386.41,189.14,M,Blue,13.0,lbs,True,
PROD-000379,Bit Team Sports Former,Bit might just under do imagine Mr despite door career data.,Sports & Outdoors,Team Sports,HomeComfort,"Estrada, Obrien and Myers",634.55,284.77,M,Red,10.84,lbs,True,
PROD-000380,Clear Team Sports Help,Institution may instead none throw work art growth health environmental never.,Sports & Outdoors,Team Sports,FitGear,"Sloan, Gonzalez and Pearson",817.92,371.32,,Red,6.48,lbs,True,
PROD-000381,Base Water Sports Season,Strategy often improve loss phone about human appear baby state include.,Sports & Outdoors,Water Sports,TechPro,Wyatt-Fields,464.08,256.75,XS,Gray,6.97,lbs,True,
PROD-000382,Although Water Sports Pay,Away painting already trade base another blood hot strong or follow fund financial.,Sports & Outdoors,Water Sports,Premium Plus,"Wright, Brown and Wells",387.96,268.07,XXL,Green,9.09,lbs,True,
PROD-000383,Natural Water Sports True,Take candidate same make fear service real source above position Congress.,Sports & Outdoors,Water Sports,StyleMax,"Anderson, Ortega and Pierce",724.66,339.92,S,,1.84,lbs,True,
PROD-000384,Move Water Sports World,Rather station argue similar cup board yeah health similar hundred though animal language physical.,Sports & Outdoors,Water Sports,StyleMax,"Contreras, Potter and Jones",239.16,97.62,XS,Blue,5.59,lbs,True,
PROD-000385,Buy Water Sports Teach,Behavior protect education police group wear imagine computer without yes traditional either financial offer.,Sports & Outdoors,Water Sports,Premium Plus,Farmer-Gutierrez,595.02,253.2,XXL,Black,5.93,lbs,True,
PROD-000386,Challenge Water Sports Whose,Purpose trip article floor court material make sure bag you address meet red.,Sports & Outdoors,Water Sports,EcoChoice,Lee-Roberson,401.51,275.3,L,,14.78,lbs,False,
PROD-000387,Weight Water Sports Often,Return gas outside too management first use cost employee attorney general follow while who scene.,Sports & Outdoors,Water Sports,FitGear,Farmer Inc,136.15,102.64,,Gray,8.29,lbs,True,
PROD-000388,Sure Water Sports Training,Human walk rock after probably phone you owner.,Sports & Outdoors,Water Sports,BasicGoods,Ellis-Ramirez,552.42,326.57,XXL,,9.21,lbs,True,
PROD-000389,Question Water Sports Stage,Dinner simply window or finally quickly moment we trip really rule.,Sports & Outdoors,Water Sports,SmartLife,"Brown, Osborn and Villanueva",750.77,450.16,S,,7.5,lbs,True,
PROD-000390,Yes Water Sports Look,Energy PM hotel ever per change test school member.,Sports & Outdoors,Water Sports,SmartLife,"Ayala, Garcia and Pope",627.12,424.3,L,Blue,12.41,lbs,True,
PROD-000391,It Water Sports Little,Today probably avoid allow occur next factor community meet often easy here employee building me interest.,Sports & Outdoors,Water Sports,HomeComfort,"Bailey, Munoz and Montes",413.57,272.31,,Blue,3.31,lbs,True,
PROD-000392,Apply Water Sports Wide,Exist option ability poor light of become short stop.,Sports & Outdoors,Water Sports,ValueBrand,"Green, Baker and Travis",988.65,496.95,M,Gray,3.77,lbs,True,
PROD-000393,Wait Water Sports Human,Which practice yes development daughter enter argue than reality method after table.,Sports & Outdoors,Water Sports,EcoChoice,Jones Ltd,45.37,27.0,S,Gray,9.02,lbs,True,
PROD-000394,Education Water Sports Perhaps,Particular factor follow last see pretty especially for after line you rock.,Sports & Outdoors,Water Sports,TechPro,Moore and Sons,392.52,271.49,L,,15.39,lbs,True,
PROD-000395,Back Water Sports Public,Some consumer final charge will memory floor energy.,Sports & Outdoors,Water Sports,Premium Plus,Villegas-Wagner,691.03,464.63,XL,Gray,12.98,lbs,True,
PROD-000396,Director Water Sports Speak,Player lay maintain have agreement agent he population after I candidate protect control identify.,Sports & Outdoors,Water Sports,BasicGoods,Reeves-Russo,1106.2,449.03,XXL,Blue,16.01,lbs,True,
PROD-000397,Understand Water Sports Degree,Into laugh about shoulder paper apply school always message.,Sports & Outdoors,Water Sports,StyleMax,"Abbott, Allen and Munoz",788.23,461.92,XXL,,18.01,lbs,True,
PROD-000398,Nation Water Sports Moment,Professional clear wife course open itself strong home south specific feel everyone blue quickly.,Sports & Outdoors,Water Sports,LuxeLine,"Gardner, Walker and Hunter",467.47,279.97,XL,Red,8.97,lbs,True,
PROD-000399,Him Water Sports Local,Child close speak score adult information truth bit owner officer coach up land song story.,Sports & Outdoors,Water Sports,BasicGoods,Rosario-Ward,76.51,36.97,XL,Red,15.65,lbs,True,
PROD-000400,Glass Water Sports Simple,Cover daughter wish land wait direction society defense federal manager.,Sports & Outdoors,Water Sports,ValueBrand,Hobbs-Jensen,148.29,105.9,XXL,White,19.52,lbs,True,
PROD-000401,Land Fiction So,Teacher here piece central sort soon skill commercial.,Books & Media,Fiction,Premium Plus,"Coleman, Alvarado and Wise",506.62,250.33,XS,Gray,8.01,lbs,True,
PROD-000402,Heavy Fiction View,Prove sense there argue above building by for mention prepare themselves size cover pass able.,Books & Media,Fiction,TechPro,Eaton Group,387.12,219.54,M,Gray,7.09,lbs,True,
PROD-000403,Piece Fiction Detail,Room life offer stock cold that western expert successful.,Books & Media,Fiction,ValueBrand,Hampton-White,616.02,438.41,XXL,Navy,16.09,lbs,True,
PROD-000404,Whether Fiction Myself,Little create baby think clear employee soldier much care prevent know land cover best technology feel.,Books & Media,Fiction,LuxeLine,"Franklin, Lamb and Lloyd",997.55,404.78,XXL,Navy,2.88,lbs,True,
PROD-000405,Personal Fiction Seat,Heart establish why offer win several his plan protect need according offer usually stock short.,Books & Media,Fiction,ValueBrand,Pugh-Jones,80.84,52.18,,Gray,1.42,lbs,True,
PROD-000406,Hear Fiction Little,Program increase former positive arrive purpose time choose become traditional.,Books & Media,Fiction,LuxeLine,Pace Inc,535.04,380.5,XXL,Green,8.35,lbs,True,
PROD-000407,Read Fiction Night,Laugh young local often event stock health involve treatment people south rock rather.,Books & Media,Fiction,HomeComfort,Schmitt Ltd,789.9,358.02,S,Blue,16.66,lbs,True,
PROD-000408,Go Fiction Arm,Doctor yes shoulder a continue pressure garden her fight have such.,Books & Media,Fiction,SmartLife,Cox-Ellis,572.73,250.39,,Green,9.93,lbs,True,
PROD-000409,Data Fiction Share,Onto live wind base around able mind pass society.,Books & Media,Fiction,HomeComfort,"Hernandez, Sanchez and Salazar",269.96,120.01,M,Green,19.12,lbs,True,
PROD-000410,Finish Fiction Vote,Set control financial magazine age industry best heart strategy detail study leg student.,Books & Media,Fiction,SmartLife,Morris LLC,503.53,241.55,L,Blue,9.89,lbs,True,
PROD-000411,Community Fiction Of,A make month play strategy chance dark various sort help goal argue born success it business.,Books & Media,Fiction,SmartLife,"Brown, Hamilton and Berg",187.52,129.93,L,White,12.02,lbs,True,
PROD-000412,Article Fiction Glass,Around brother least style policy race kitchen issue dark organization without include allow us hold.,Books & Media,Fiction,SmartLife,Dunn LLC,447.51,245.44,XXL,,19.49,lbs,True,
PROD-000413,Power Fiction Kitchen,Television change television memory adult prove majority military.,Books & Media,Fiction,TechPro,"Harrison, Atkinson and Ryan",420.37,192.87,,Green,3.34,lbs,True,
PROD-000414,What Fiction Mother,Eight describe give idea most hot rather you language.,Books & Media,Fiction,HomeComfort,Knapp-Lopez,392.27,166.64,M,Blue,1.15,lbs,True,
PROD-000415,Safe Fiction East,Their war now key tonight either sport.,Books & Media,Fiction,TechPro,"Travis, Smith and Burnett",787.09,321.76,M,Green,10.64,lbs,True,
PROD-000416,Day Fiction Together,His teach risk because structure high share miss at adult.,Books & Media,Fiction,HomeComfort,Escobar and Sons,581.1,261.79,,White,12.02,lbs,True,
PROD-000417,Yourself Fiction Finally,Final participant stop somebody spend political last information for nothing prove cold special.,Books & Media,Fiction,SmartLife,Guerrero LLC,282.28,168.08,M,Gray,2.01,lbs,True,
PROD-000418,What Fiction Over,Police light much someone brother president particularly half mention avoid drop southern sound.,Books & Media,Fiction,Premium Plus,Hill Group,543.84,413.42,M,Gray,15.6,lbs,True,
PROD-000419,Phone Fiction Anything,It figure out art girl south assume better set pattern traditional.,Books & Media,Fiction,FitGear,Castro-Tanner,689.85,461.24,S,Red,16.65,lbs,True,
PROD-000420,Tree Fiction Score,With performance rate its success others again may year whatever anyone institution two authority which factor.,Books & Media,Fiction,Premium Plus,Patterson Ltd,603.68,283.74,,White,8.41,lbs,True,
PROD-000421,Last Non-Fiction Truth,Benefit local level charge participant clear ability thousand light news ahead science season.,Books & Media,Non-Fiction,TechPro,Spencer-Ramirez,97.83,67.12,L,Gray,6.3,lbs,True,
PROD-000422,Resource Non-Fiction Activity,Perhaps look Republican operation reduce reduce computer your almost arrive base.,Books & Media,Non-Fiction,BasicGoods,Francis PLC,971.57,410.35,XL,Gray,3.53,lbs,True,
PROD-000423,Treatment Non-Fiction Job,Language operation participant concern charge financial field upon.,Books & Media,Non-Fiction,HomeComfort,Baker-Moyer,540.57,374.79,,Blue,13.79,lbs,True,
PROD-000424,Poor Non-Fiction Expect,Whole get media deep yet away occur bar carry technology idea defense usually strong work kitchen.,Books & Media,Non-Fiction,LuxeLine,Terry-Wells,279.49,112.82,XXL,White,1.65,lbs,True,
PROD-000425,Night Non-Fiction Generation,Fill quickly institution common pay sea scientist enough really eight skin before mission above building.,Books & Media,Non-Fiction,StyleMax,"Mathews, Woods and Guzman",514.86,381.09,XS,Black,9.43,lbs,True,
PROD-000426,Start Non-Fiction Black,Thank bill performance several gun happy wish church various like add serve.,Books & Media,Non-Fiction,TechPro,"Simpson, Wilson and Flores",51.87,31.21,,White,15.67,lbs,True,
PROD-000427,Compare Non-Fiction Team,Change wonder detail everything economy certain school notice something lot office it.,Books & Media,Non-Fiction,HomeComfort,Martin-Smith,263.5,110.65,XXL,Gray,0.68,lbs,True,
PROD-000428,Decade Non-Fiction Various,Health activity remember task for for model yourself fight million.,Books & Media,Non-Fiction,BasicGoods,"Stafford, Williams and Hodge",613.36,375.64,M,Gray,3.3,lbs,True,
PROD-000429,Number Non-Fiction Collection,Here half girl key conference country run later she theory church policy than weight rich.,Books & Media,Non-Fiction,BasicGoods,Smith-Brown,583.58,366.99,XS,White,16.41,lbs,True,
PROD-000430,He Non-Fiction Nothing,Step career century dark religious bar impact least support.,Books & Media,Non-Fiction,SmartLife,Miller and Sons,581.04,269.13,S,Black,19.47,lbs,True,
PROD-000431,To Non-Fiction Central,Section write Democrat feeling believe toward experience wall live front here recently meeting put.,Books & Media,Non-Fiction,ValueBrand,Fitzgerald Inc,218.83,114.87,M,Blue,8.85,lbs,True,
PROD-000432,Economic Non-Fiction Less,Onto line modern technology real support easy contain various nearly you something relate pressure since worker.,Books & Media,Non-Fiction,LuxeLine,"Myers, Carey and Chavez",170.2,98.62,L,Red,10.33,lbs,True,
PROD-000433,Small Non-Fiction Himself,Service main service establish explain box phone unit choice college.,Books & Media,Non-Fiction,ValueBrand,Weaver Ltd,642.49,383.09,XS,Blue,9.97,lbs,True,
PROD-000434,Describe Non-Fiction Still,Sign story put son capital not safe business military language next.,Books & Media,Non-Fiction,StyleMax,Williams-Daniel,327.69,151.25,M,,2.4,lbs,True,
PROD-000435,Over Non-Fiction Person,Painting enjoy avoid week price more million charge cell high.,Books & Media,Non-Fiction,ValueBrand,"Black, Cross and Smith",509.34,304.19,S,Navy,5.88,lbs,True,
PROD-000436,Rule Non-Fiction Crime,Medical red some black arm instead course actually heavy four well sense tree firm.,Books & Media,Non-Fiction,ValueBrand,Parks Group,141.81,102.5,XXL,Gray,3.67,lbs,True,
PROD-000437,Positive Non-Fiction First,Cell five natural national old soldier ability whom.,Books & Media,Non-Fiction,ValueBrand,"Preston, Malone and Stone",357.85,250.91,XL,White,2.47,lbs,True,
PROD-000438,Identify Non-Fiction Sound,Moment begin time leave executive season trial.,Books & Media,Non-Fiction,HomeComfort,Padilla Inc,866.99,350.57,XS,Gray,19.51,lbs,True,
PROD-000439,Election Non-Fiction State,Memory medical free next measure end show decide strategy care both cup it.,Books & Media,Non-Fiction,StyleMax,"Page, Chaney and Nash",750.45,301.53,S,Navy,14.53,lbs,True,
PROD-000440,Difference Non-Fiction Treat,Sit difference wall resource away two area fight mention father drive side work now major.,Books & Media,Non-Fiction,SmartLife,Hunt-Cobb,718.61,359.61,,Navy,7.19,lbs,True,
PROD-000441,Control Educational Buy,Business service allow specific summer line leg out require realize direction but who ground reality.,Books & Media,Educational,Premium Plus,Hughes-Robinson,1181.8,475.57,M,Blue,15.38,lbs,True,
PROD-000442,Catch Educational Rich,Blood authority month language seem final reflect than management fire.,Books & Media,Educational,HomeComfort,"Arnold, Salas and Patel",251.96,132.84,XS,White,14.78,lbs,True,
PROD-000443,Popular Educational Task,Agency despite tax break general tend cold how network.,Books & Media,Educational,HomeComfort,"Garcia, Andrews and Perez",338.47,254.09,L,Gray,3.14,lbs,True,
PROD-000444,World Educational And,Wind stay least probably Congress food different.,Books & Media,Educational,Premium Plus,"Jackson, Lee and Pearson",79.61,57.2,,,15.88,lbs,True,
PROD-000445,Bad Educational Dinner,Western computer sure present nice suggest strategy find avoid trouble everyone pattern bank relate.,Books & Media,Educational,SmartLife,Johnson-Marshall,631.5,334.43,XL,Gray,16.21,lbs,True,
PROD-000446,Character Educational Wall,Church plan executive any require what according save to ready thought go drive deal.,Books & Media,Educational,LuxeLine,Rodriguez Group,41.36,18.66,XS,Navy,9.06,lbs,True,
PROD-000447,See Educational Culture,Car wind along successful office help build each these guy avoid role full.,Books & Media,Educational,HomeComfort,Walker and Sons,304.7,226.85,XL,Green,17.71,lbs,True,
PROD-000448,All Educational Perhaps,Kitchen area ten only view society fall a finally point cut note quite.,Books & Media,Educational,LuxeLine,Rogers-Young,370.21,221.03,L,White,11.42,lbs,True,
PROD-000449,Apply Educational Doctor,Different woman what gun everyone determine big floor mean reflect agree need bill.,Books & Media,Educational,ValueBrand,Maldonado Group,547.86,281.35,L,Blue,10.18,lbs,True,
PROD-000450,Herself Educational Animal,Require issue drop building hospital accept store adult.,Books & Media,Educational,BasicGoods,"Scott, Schultz and Duke",622.18,252.4,XXL,Gray,15.35,lbs,True,
PROD-000451,Trip Educational Thousand,Memory push responsibility fact team explain claim best black population our cell.,Books & Media,Educational,HomeComfort,Smith Group,80.54,40.1,,Gray,7.04,lbs,True,
PROD-000452,Happen Educational Book,Mission use according season successful born main give lead gas try sea understand hope tough list.,Books & Media,Educational,EcoChoice,Lang-Ramirez,54.93,23.18,L,White,8.62,lbs,True,
PROD-000453,Between Educational Value,Positive product purpose traditional physical exist cultural page issue interesting they that newspaper.,Books & Media,Educational,FitGear,"Porter, Frye and Smith",289.76,211.85,S,Red,13.0,lbs,True,
PROD-000454,View Educational About,Suddenly watch without ball air dinner situation fund expect heavy far.,Books & Media,Educational,SmartLife,Carter-Thomas,628.77,456.09,XS,Gray,3.48,lbs,True,
PROD-000455,See Educational Traditional,Boy trade very visit front ask fast oil great whatever which anyone physical today.,Books & Media,Educational,LuxeLine,Higgins-Bell,59.17,28.32,XL,Navy,5.41,lbs,True,
PROD-000456,Many Educational Deal,Interesting true career last catch effect include behavior west particular not wait.,Books & Media,Educational,LuxeLine,Morris-Newman,740.18,298.11,XL,Navy,6.52,lbs,True,
PROD-000457,But Educational Everything,Professor kind character cup accept fast man six actually community college follow trouble.,Books & Media,Educational,FitGear,"Barrett, Lopez and Paul",530.77,249.3,M,,10.11,lbs,True,
PROD-000458,Listen Educational Know,Yes national traditional get unit man entire all home.,Books & Media,Educational,EcoChoice,Mendez-Bell,359.41,176.37,L,Red,9.99,lbs,True,
PROD-000459,Often Educational Executive,Clearly box could daughter sense particularly image piece billion set where threat myself soon interest.,Books & Media,Educational,Premium Plus,"Cantrell, Hamilton and Rodriguez",913.46,395.7,S,Green,5.38,lbs,True,
PROD-000460,Task Educational Ask,Expect everyone impact wall look employee never green college together never TV.,Books & Media,Educational,BasicGoods,Garner Inc,659.34,291.03,XXL,White,14.38,lbs,True,
PROD-000461,Range Movies Trial,Easy worker who oil choice life administration oil this method build.,Books & Media,Movies,BasicGoods,Meyer Ltd,488.43,300.01,,,8.6,lbs,True,
PROD-000462,Good Movies Southern,Economy more teach focus four action control understand.,Books & Media,Movies,Premium Plus,"Weaver, Ortiz and Wall",108.84,47.56,,Green,8.71,lbs,True,
PROD-000463,Buy Movies Not,Technology none take along give morning day painting yourself.,Books & Media,Movies,BasicGoods,Horn LLC,192.61,108.04,XL,,13.46,lbs,True,
PROD-000464,Day Movies Administration,Major threat safe must speech dinner top face bit issue listen social or.,Books & Media,Movies,Premium Plus,"Barker, Brown and Grimes",906.87,441.64,,Blue,11.58,lbs,True,
PROD-000465,Can Movies Simple,Foreign suddenly thing official alone government machine.,Books & Media,Movies,ValueBrand,Bailey-Mann,1054.67,481.44,M,Navy,18.7,lbs,True,
PROD-000466,Ago Movies To,Opportunity write break finally member sometimes likely need figure bring reality plant seat.,Books & Media,Movies,ValueBrand,Gutierrez-Coleman,60.61,39.34,S,Red,3.09,lbs,True,
PROD-000467,Forward Movies Place,Person none conference important clearly live cold enough direction series course technology past number.,Books & Media,Movies,EcoChoice,Nguyen Group,286.38,157.14,,White,12.72,lbs,True,
PROD-000468,Southern Movies Full,Under enter rate final again large million task.,Books & Media,Movies,HomeComfort,Avery PLC,231.54,140.8,M,Red,8.18,lbs,True,
PROD-000469,Life Movies If,Beat plan issue usually special physical on likely account quite control down see kid rock.,Books & Media,Movies,SmartLife,Ford PLC,165.91,104.04,L,,11.24,lbs,True,
PROD-000470,Answer Movies Audience,Wide moment enjoy expert could teacher loss budget join no.,Books & Media,Movies,HomeComfort,Martinez-Rodriguez,439.61,326.99,M,Blue,0.68,lbs,True,
PROD-000471,Few Movies Main,Understand color knowledge effort much though seek run find exactly who use.,Books & Media,Movies,TechPro,Pitts-Hayes,286.5,146.11,XXL,,15.67,lbs,True,
PROD-000472,Write Movies Daughter,Present sing mention force computer I list risk.,Books & Media,Movies,SmartLife,Gardner Ltd,753.32,449.29,,White,18.02,lbs,True,
PROD-000473,Necessary Movies View,Environmental nature animal fear property listen save three identify top act morning another question want today.,Books & Media,Movies,StyleMax,"Sutton, Johnson and Dodson",392.88,188.08,L,Blue,4.8,lbs,True,
PROD-000474,Carry Movies Father,Way southern continue money color assume day realize almost vote nation.,Books & Media,Movies,BasicGoods,Duran Group,368.59,255.12,,Green,9.98,lbs,True,
PROD-000475,They Movies Defense,Energy crime behavior be later card charge scene.,Books & Media,Movies,EcoChoice,"Garner, Smith and Morgan",677.06,303.91,M,Navy,16.14,lbs,True,
PROD-000476,Rate Movies Drop,Simply politics skin discover nothing pressure I.,Books & Media,Movies,StyleMax,Gutierrez-Carpenter,731.46,468.4,S,Red,19.4,lbs,True,
PROD-000477,Share Movies Me,Night wind never believe there understand little capital recognize player.,Books & Media,Movies,ValueBrand,"Norman, Garcia and Jones",270.21,134.61,XL,Gray,14.02,lbs,True,
PROD-000478,Hair Movies Water,Process control read movement alone company customer main impact prepare.,Books & Media,Movies,FitGear,Gordon Inc,518.73,277.42,M,Blue,7.32,lbs,True,
PROD-000479,White Movies She,Service lawyer actually memory finally yes line including real economy meeting about reason easy.,Books & Media,Movies,BasicGoods,Butler PLC,546.64,412.47,XS,Black,13.84,lbs,True,
PROD-000480,Bad Movies Consumer,Member during participant determine possible forget plant development series around news choice whether contain large.,Books & Media,Movies,SmartLife,"Davis, Simmons and Bailey",250.2,127.44,XXL,Gray,18.07,lbs,True,
PROD-000481,Personal Music Free,Still instead might chance watch simply amount cold feel memory.,Books & Media,Music,ValueBrand,Heath Inc,430.93,272.11,L,Black,18.2,lbs,True,
PROD-000482,Grow Music Lay,Discuss appear reason marriage ahead quickly evidence make yet.,Books & Media,Music,StyleMax,Padilla-Jones,786.0,489.22,,Red,6.02,lbs,True,
PROD-000483,City Music Option,Effort join yeah thought citizen would cut.,Books & Media,Music,EcoChoice,Anderson-Dunn,161.67,88.51,,Navy,15.81,lbs,True,
PROD-000484,Food Music Most,Idea degree large position news reflect look determine song something learn imagine.,Books & Media,Music,ValueBrand,"Perry, Chang and Carr",110.09,49.25,L,Navy,18.54,lbs,True,
PROD-000485,Rate Music Right,Political relationship imagine notice old interview significant factor recently order economy despite.,Books & Media,Music,StyleMax,Sullivan-Erickson,521.19,216.96,,Blue,14.0,lbs,True,
PROD-000486,Republican Music Employee,Scientist strategy indicate beat team evening develop loss loss many modern none read everybody.,Books & Media,Music,Premium Plus,Wagner-Gutierrez,368.93,182.41,XXL,Gray,9.12,lbs,False,
PROD-000487,North Music Responsibility,Treatment court factor must not coach serve though help example environmental food consumer strategy hope.,Books & Media,Music,ValueBrand,"Brown, Martinez and Mendoza",73.54,35.53,,Blue,0.16,lbs,True,
PROD-000488,Nation Music Consumer,Four where new tree tree service rich while just in shake operation able street meet standard.,Books & Media,Music,StyleMax,Torres Group,318.0,159.72,S,Red,10.38,lbs,True,
PROD-000489,Especially Music Believe,Church particularly state visit mention heart five build model since big stay leg wonder term summer.,Books & Media,Music,BasicGoods,"Shaw, Weber and Clark",923.99,417.0,XXL,Navy,15.87,lbs,True,
PROD-000490,Base Music Easy,Performance allow put some onto consider top at wait.,Books & Media,Music,SmartLife,West-Diaz,533.33,244.4,S,Gray,16.01,lbs,True,
PROD-000491,May Music Fish,Her play new win rate program prove senior six hour the front fire decision response.,Books & Media,Music,LuxeLine,Wilson-Armstrong,323.54,213.1,,Red,0.51,lbs,False,
PROD-000492,According Music Start,Second up stock impact wind purpose at.,Books & Media,Music,FitGear,Lee-Miller,577.12,283.68,XS,,4.05,lbs,True,
PROD-000493,Human Music Into,Source clearly factor hear over reflect before.,Books & Media,Music,LuxeLine,Carter and Sons,165.1,92.69,XL,Green,3.07,lbs,True,
PROD-000494,Song Music Rock,Term window foreign forward society enjoy size his course simple Congress again create.,Books & Media,Music,TechPro,"Payne, Hess and Collins",184.92,93.36,XXL,Navy,15.49,lbs,True,
PROD-000495,Sea Music Per,Open help anyone region talk rise rate message serious military already blue police.,Books & Media,Music,FitGear,Barnes and Sons,786.27,415.36,XXL,Red,3.89,lbs,True,
PROD-000496,Writer Music Follow,Knowledge four catch sea building nor drop late argue clearly pressure throw decade against position.,Books & Media,Music,ValueBrand,Phillips-Acevedo,647.1,393.24,L,Blue,8.68,lbs,True,
PROD-000497,Available Music Rich,Be culture year require form keep particularly air American.,Books & Media,Music,FitGear,Cooper Group,264.67,115.63,L,Blue,8.23,lbs,True,
PROD-000498,Station Music Together,Magazine voice arm political wait give tell window kind available race board skin expect door.,Books & Media,Music,BasicGoods,Gibson-Best,245.66,152.19,L,Red,7.46,lbs,True,
PROD-000499,Message Music Police,Source prevent popular sea rest car that him design bag instead finish.,Books & Media,Music,HomeComfort,Aguilar-Wilson,307.75,234.5,,Gray,19.49,lbs,True,
PROD-000500,Cause Music All,Figure enough agency clear relate third everyone fear nice say catch subject land number what dog.,Books & Media,Music,LuxeLine,Hughes-Adams,200.64,113.99,XXL,Green,1.55,lbs,True,
